,total_distance,total_minutes_LR,total_minutes_DTR,total_minutes_RFR
0,3.3077427990473813,86.6953751211,85.7986862702,86.0046620748
1,8.56416749428308,87.158549756,103.427990353,89.2276718586
2,3.1887108687282977,86.6848865145,85.7986862702,86.0046620748
3,14.500291053833324,87.6816166735,88.1542187229,88.0669918878
4,13.75357461926526,87.6158190768,88.1542187229,88.1057970358
5,9.854702170121103,87.2722663908,88.1542187229,88.5829229097
6,9.518075943905979,87.2426042652,88.1542187229,88.7042407712
7,10.583719153788218,87.3365043842,88.1542187229,88.2948336807
8,12.160835192957054,87.475473396,88.1542187229,88.0705401105
9,17.846693240199315,87.9764879407,88.1542187229,87.7314558313
10,0.6409329379434088,86.4603867487,85.7986862702,84.2410938768
11,9.696545145117911,87.2583302409,88.1542187229,88.7355531052
12,13.351887716119395,87.5804240706,88.1542187229,88.1057970358
13,10.815868010681523,87.3569603915,88.1542187229,88.0376183159
14,8.055924899579725,87.1137654983,85.7986862702,87.2226321433
15,12.029875503811976,87.4639337641,88.1542187229,88.0705401105
16,7.698986316856893,87.082313531,85.7986862702,86.7701923272
17,10.005440546246716,87.2855488396,88.1542187229,88.5829229097
18,13.84818649438974,87.6241558881,88.1542187229,88.0669918878
19,5.205075207008714,86.862560289,85.7986862702,86.5934339751
20,19.671482498058833,88.137280903,88.1542187229,87.8127959854
21,12.02562615083137,87.4635593285,88.1542187229,88.0705401105
22,19.99498375894211,88.1657865104,88.1542187229,87.6862098972
23,3.871382567533474,86.7450407511,85.7986862702,86.2590521079
24,16.970510343479976,87.8992822891,88.1542187229,87.7835501968
25,4.271219432964227,86.7802727396,85.7986862702,86.2590521079
26,4.360061446838195,86.7881011343,85.7986862702,86.155954933
27,1.3119636151540317,86.5195152261,85.7986862702,83.4401590484
28,13.713818395405282,87.612315921,88.1542187229,88.1057970358
29,23.1371193521128,88.4426586412,88.1542187229,87.6271259295
30,5.0993028626510455,86.8532400629,85.7986862702,85.1378107723
31,7.322286227437148,87.0491202605,85.7986862702,87.0236661737
32,8.748504527358053,87.174792781,88.1542187229,88.3341482969
33,13.600041770029463,87.6022903904,88.1542187229,88.1057970358
34,8.749414115003098,87.1748729302,88.1542187229,88.3341482969
35,0.44463286915232453,86.4430895899,85.7986862702,84.2410938768
36,11.31616728519007,87.4010447164,88.1542187229,88.0376183159
37,16.273383601249755,87.8378543333,88.1542187229,87.92051042
38,16.212556001310094,87.8324944541,88.1542187229,87.92051042
39,21.94061530136454,88.3372276004,88.1542187229,87.9661874795
40,5.851369948666198,86.919509137,85.7986862702,87.031861257
41,20.082968719216275,88.173539385,88.1542187229,87.9661874795
42,3.838226141326973,86.7421191425,85.7986862702,86.2590521079
43,1.504963271836257,86.5365215661,85.7986862702,83.2558696732
44,7.067521569042555,87.0266714413,85.7986862702,87.300791216
45,0.9104256357498307,86.4841333425,85.7986862702,84.4030377397
46,14.811136893745493,87.7090071369,88.1542187229,88.0669918878
47,14.811136893745493,87.7090071369,88.1542187229,88.0669918878
48,6.831339719781754,87.0058600632,85.7986862702,87.0554197947
49,9.296533386467637,87.2230828416,88.1542187229,88.3441476362
50,1.1337123445921213,86.5038084536,85.7986862702,83.6202921248
51,18.093702086145935,87.9982533494,88.1542187229,87.7314558313
52,6.6335214698728855,86.9884291285,85.7986862702,87.214926776
53,8.131999771996469,87.1204689047,85.7986862702,87.1404034663
54,22.999255844468987,88.4305106731,88.1542187229,87.6271259295
55,13.312068458571575,87.5769153606,88.1542187229,88.1057970358
56,8.65813568852364,87.1668298488,88.1542187229,88.4216792769
57,8.65813568852364,87.1668298488,88.1542187229,88.4216792769
58,6.795120276969976,87.0026685541,85.7986862702,87.0554197947
59,10.59960795629979,87.3379044405,88.1542187229,88.2048852156
60,1.5430005162048805,86.5398732525,85.7986862702,82.333708775
61,5.3629447067879825,86.8764711033,85.7986862702,86.4056624351
62,14.041497597724637,87.6411896715,88.1542187229,88.0669918878
63,3.7728567247493605,86.736359057,85.7986862702,86.4215331252
64,10.435225483591642,87.3234197296,88.1542187229,88.5829229097
65,6.286348695997813,86.9578376843,85.7986862702,85.5625492085
66,10.907593787344785,87.3650428916,88.1542187229,88.0376183159
67,9.151078967935504,87.2102659934,88.1542187229,88.2474863839
68,11.220715710714284,87.3926339142,88.1542187229,88.0376183159
69,13.120280541807567,87.5600157941,88.1542187229,88.0705401105
70,17.49338990800834,87.9453562967,88.1542187229,87.7314558313
71,15.100864132135658,87.7345367156,88.1542187229,88.0669918878
72,4.730090132816637,86.8207065479,85.7986862702,85.9592883022
73,21.118640866781565,88.2647985767,88.1542187229,87.9661874795
74,11.62036633782573,87.4278494921,88.1542187229,88.0376183159
75,13.612326469198774,87.6033728678,88.1542187229,88.1057970358
76,26.142705401905136,88.7074985851,88.1542187229,86.2076452208
77,7.692016731535771,87.0816993996,85.7986862702,86.7701923272
78,21.186913826210297,88.2708145105,88.1542187229,87.9661874795
79,6.994628639854825,87.0202484147,85.7986862702,87.300791216
80,13.302676190458582,87.5760877523,88.1542187229,88.1057970358
81,4.491911038678269,86.7997191808,85.7986862702,86.0404330574
82,18.701373735837027,88.0517988886,88.1542187229,87.8127959854
83,18.902430584500518,88.0695151954,88.1542187229,87.8127959854
84,2.5207634846864737,86.6260297242,85.7986862702,86.0363788697
85,6.321879252003983,86.9609684915,85.7986862702,85.5625492085
86,4.086494728807686,86.7639955545,85.7986862702,86.2590521079
87,14.161636217309992,87.651775795,88.1542187229,88.0669918878
88,16.856228704180793,87.8892122587,88.1542187229,87.7835501968
89,14.246425126372696,87.6592470468,88.1542187229,88.0669918878
90,16.837677537396285,87.8875776058,88.1542187229,87.7835501968
91,13.082861197941726,87.5567185547,88.1542187229,88.0705401105
92,11.345099035259599,87.4035940638,88.1542187229,88.0376183159
93,16.062315375224173,87.8192558649,88.1542187229,87.92051042
94,11.506889060298843,87.4178503388,88.1542187229,88.0376183159
95,0.538943434121128,86.451399851,85.7986862702,84.2410938768
96,19.558489450457692,88.1273244181,88.1542187229,87.8127959854
97,3.8184390216841555,86.7403755825,85.7986862702,86.2590521079
98,4.901265666017243,86.8357898355,85.7986862702,85.8974272704
99,19.982323355631497,88.1646709274,88.1542187229,87.6862098972
100,8.550051411491578,87.1573059045,103.427990353,89.4136201264
101,11.825684703749813,87.4459413064,88.1542187229,88.0376183159
102,13.860481840021503,87.6252393036,88.1542187229,88.0669918878
103,16.116457973517655,87.8240266891,88.1542187229,87.92051042
104,9.482435176448952,87.2394637466,88.1542187229,88.7042407712
105,23.904630390996996,88.5102885733,88.1542187229,87.8041758545
106,17.954883172486984,87.9860211948,88.1542187229,87.7314558313
107,13.404649708798491,87.5850732415,88.1542187229,88.1057970358
108,12.918446497836928,87.5422310041,88.1542187229,88.0705401105
109,6.035555123899923,86.935738781,85.7986862702,86.1669651481
110,9.02207862486291,87.198899011,88.1542187229,88.3191363769
111,9.577715882485926,87.2478594925,88.1542187229,88.7042407712
112,17.68152322858784,87.9619338351,88.1542187229,87.7314558313
113,10.389845828408596,87.3194210601,88.1542187229,88.5829229097
114,7.18740780109995,87.0372353255,85.7986862702,87.0000869197
115,4.259819646035045,86.779268237,85.7986862702,86.2590521079
116,3.306761368347088,86.6952886415,85.7986862702,86.0046620748
117,12.832935195781902,87.5346960981,88.1542187229,88.0705401105
118,3.42475979161569,86.7056861797,85.7986862702,85.3563011
119,11.689860346110525,87.4339730198,88.1542187229,88.0376183159
120,7.953382697897391,87.1047298991,85.7986862702,87.6516920839
121,9.255498464800738,87.2194670122,88.1542187229,88.3441476362
122,17.064738500333902,87.9075852887,88.1542187229,87.7835501968
123,6.943541684686854,87.0157468412,85.7986862702,86.858448852
124,12.429374368711477,87.4991359694,88.1542187229,88.0705401105
125,16.59886234882536,87.8665341886,88.1542187229,87.92051042
126,14.423017360239609,87.6748076318,88.1542187229,88.0669918878
127,14.423017360239609,87.6748076318,88.1542187229,88.0669918878
128,10.818597432289721,87.357200897,88.1542187229,88.0376183159
129,1.7175389400607166,86.5552528642,85.7986862702,84.1593843045
130,3.050478998865171,86.6727060878,85.7986862702,86.0541671206
131,9.13970942590051,87.2092641559,88.1542187229,88.2474863839
132,8.529430461673627,87.1554888708,103.427990353,89.4136201264
133,2.880477895486143,86.6577262862,85.7986862702,86.1217283315
134,15.784792087992077,87.7948016484,88.1542187229,87.809361536
135,2.3361209196927257,86.609759777,85.7986862702,85.777001114
136,9.151435322870226,87.2102973939,88.1542187229,88.2474863839
137,17.085777457509856,87.9094391556,88.1542187229,87.7835501968
138,14.758959612903787,87.7044094884,88.1542187229,88.0669918878
139,18.070594591908886,87.9962172116,88.1542187229,87.7314558313
140,20.952990869314032,88.2502021768,88.1542187229,87.9661874795
141,4.144839453516378,86.7691366529,85.7986862702,86.2590521079
142,17.8493450312395,87.9767216056,88.1542187229,87.7314558313
143,18.37680175028583,88.0231989334,88.1542187229,87.7314558313
144,8.825989911858272,87.1816204761,88.1542187229,88.2168326968
145,12.585088787459968,87.5128568868,88.1542187229,88.0705401105
146,12.401397699931513,87.4966707798,88.1542187229,88.0705401105
147,2.715226854781109,86.6431650407,85.7986862702,86.1217283315
148,5.425924918607883,86.8820206619,85.7986862702,86.4056624351
149,2.6994450125586473,86.6417744093,85.7986862702,86.6981206849
150,13.98893481732128,87.6365580544,88.1542187229,88.0669918878
151,13.98893481732128,87.6365580544,88.1542187229,88.0669918878
152,8.028470324612009,87.1113463135,85.7986862702,87.3155931315
153,14.929871080452846,87.7194695076,88.1542187229,88.0669918878
154,15.121792880512123,87.7363808713,88.1542187229,88.0669918878
155,10.354572164827246,87.3163128892,88.1542187229,88.5829229097
156,18.447032816737387,88.0293874076,88.1542187229,87.7314558313
157,12.960339070109105,87.5459224061,88.1542187229,88.0705401105
158,2.766361489192514,86.6476708154,85.7986862702,86.1217283315
159,3.836399270028888,86.7419581661,85.7986862702,86.2590521079
160,13.375787977519696,87.5825300638,88.1542187229,88.1057970358
161,6.980208950971189,87.0189778107,85.7986862702,86.858448852
162,6.008021468702596,86.933312628,85.7986862702,86.2568790227
163,11.262919213282467,87.3963527142,88.1542187229,88.0376183159
164,9.69234450257079,87.2579600975,88.1542187229,88.7355531052
165,7.266572926619897,87.0442110324,85.7986862702,87.0944342168
166,2.7508196378876364,86.6463013311,85.7986862702,86.1217283315
167,15.187511440457012,87.7421717218,88.1542187229,88.0669918878
168,18.053491177199113,87.9947101287,88.1542187229,87.7314558313
169,17.65636253161406,87.9597167775,88.1542187229,87.7314558313
170,6.6236941258456605,86.9875631832,85.7986862702,87.214926776
171,7.033813735977243,87.023701245,85.7986862702,87.300791216
172,4.694832395445511,86.8175997804,85.7986862702,85.9592883022
173,18.257888121943758,88.012720751,88.1542187229,87.7314558313
174,6.385745786209514,86.9665961492,85.7986862702,85.5625492085
175,10.167455340821755,87.2998249204,88.1542187229,88.5829229097
176,10.869474953204508,87.361684016,88.1542187229,88.0376183159
177,5.7449706590215825,86.910133667,85.7986862702,86.4354267656
178,18.237410987542223,88.0109163897,88.1542187229,87.7314558313
179,9.198315182254397,87.2144282553,88.1542187229,87.9647782186
180,3.460630401565933,86.708846951,85.7986862702,85.3563011
181,11.170215904793542,87.388184078,88.1542187229,88.0376183159
182,2.962342784424703,86.6649398852,85.7986862702,86.1217283315
183,9.200473785744249,87.2146184626,88.1542187229,88.3441476362
184,1.1017479826711756,86.5009918848,85.7986862702,83.6202921248
185,13.781660681663165,87.6182939057,88.1542187229,88.0669918878
186,10.37865812311983,87.3184352453,88.1542187229,88.5829229097
187,10.64826489607023,87.3421918909,88.1542187229,88.2048852156
188,17.620557795449372,87.9565618106,88.1542187229,87.7314558313
189,18.988019113257423,88.0770569063,88.1542187229,87.8127959854
190,2.7591969471694795,86.6470395053,85.7986862702,86.1217283315
191,4.738009830280699,86.8214043993,85.7986862702,85.9592883022
192,9.657671002790835,87.2549048105,88.1542187229,88.7355531052
193,17.387258770229714,87.9360044552,88.1542187229,87.7314558313
194,5.301374565273431,86.8710457944,85.7986862702,86.5934339751
195,10.8404728856482,87.3591284724,88.1542187229,88.0376183159
196,8.29517261895393,87.1348470283,85.7986862702,87.0898254722
197,3.857405004973649,86.7438091055,85.7986862702,86.2590521079
198,11.787885168468817,87.442610566,88.1542187229,88.0376183159
199,12.057303096094829,87.4663505713,88.1542187229,88.0705401105
200,10.731192965048377,87.349499173,88.1542187229,88.1373315152
201,8.779124060155471,87.177490849,88.1542187229,88.2168326968
202,2.8417763735592456,86.6543160664,85.7986862702,86.1217283315
203,9.567437540125832,87.2469538071,88.1542187229,88.7042407712
204,8.339376147146531,87.1387420623,85.7986862702,87.0898254722
205,9.154967715504089,87.2106086539,88.1542187229,88.2474863839
206,9.885683277027134,87.2749963191,88.1542187229,88.5829229097
207,18.094170635529267,87.9982946361,88.1542187229,87.7314558313
208,16.161555758376085,87.8280005213,88.1542187229,87.92051042
209,6.475157906827595,86.9744747794,85.7986862702,85.1612626703
210,16.91972638132271,87.8948074142,88.1542187229,87.7835501968
211,7.834093697711389,87.0942186405,85.7986862702,86.4924763666
212,22.19919210937302,88.3600123306,88.1542187229,87.4473648719
213,7.7776921966164325,87.089248771,85.7986862702,87.6199097474
214,21.64831111898306,88.3114709519,88.1542187229,87.9661874795
215,4.32371630808029,86.7848985494,85.7986862702,86.2590521079
216,25.0349040660875,88.6098836645,88.1542187229,86.8320835623
217,30.382322962033104,89.081076336,88.1542187229,84.2418836466
218,19.041224385681172,88.0817451372,88.1542187229,87.8127959854
219,24.350334106748566,88.549562161,88.1542187229,87.3494387648
220,9.731582917769769,87.261417626,88.1542187229,88.7355531052
221,5.662653537177956,86.9028802191,85.7986862702,86.4354267656
222,4.478690962588024,86.7985542818,85.7986862702,86.0404330574
223,1.271141398267773,86.5159181394,85.7986862702,83.4401590484
224,2.379698709898017,86.6135996735,85.7986862702,85.777001114
225,13.492156429857916,87.5927839757,88.1542187229,88.1057970358
226,8.707762024194222,87.1712027184,88.1542187229,88.4216792769
227,15.822359684541386,87.7981119513,88.1542187229,87.809361536
228,12.679901016923838,87.5212113524,88.1542187229,88.0705401105
229,3.0661519900300465,86.6740871276,85.7986862702,86.0541671206
230,4.792891958391662,86.8262403878,85.7986862702,85.8974272704
231,6.706078599396107,86.9948225659,85.7986862702,87.0554197947
232,3.211554360787521,86.6868993895,85.7986862702,86.0046620748
233,4.398167490594626,86.7914588829,85.7986862702,86.155954933
234,6.939264368691231,87.0153699417,85.7986862702,86.858448852
235,10.466255919832967,87.3261540047,88.1542187229,88.4614035559
236,13.320401138416692,87.5776496022,88.1542187229,88.1057970358
237,9.145392228017023,87.2097649012,88.1542187229,88.2474863839
238,1.906731417189526,86.5719237311,85.7986862702,86.8514027691
239,13.316088881703468,87.5772696238,88.1542187229,88.1057970358
240,5.271207753576369,86.8683876184,85.7986862702,86.5934339751
241,6.8066503832658665,87.0036845399,85.7986862702,87.0554197947
242,3.2573392810429294,86.6909337694,85.7986862702,86.0046620748
243,1.9484221991091388,86.5755973522,85.7986862702,86.8514027691
244,8.334572912814103,87.138318821,85.7986862702,87.0898254722
245,22.020579819703762,88.3442737465,88.1542187229,87.9661874795
246,10.458826918667366,87.3254993915,88.1542187229,88.4614035559
247,14.345547666165974,87.6679813194,88.1542187229,88.0669918878
248,21.391523820466734,88.288843906,88.1542187229,87.9661874795
249,20.674226090975704,88.2256385652,88.1542187229,87.9661874795
250,22.323814803890222,88.3709935725,88.1542187229,87.4473648719
251,17.01267902298468,87.9029980206,88.1542187229,87.7835501968
252,8.022295022009027,87.1108021711,85.7986862702,87.3155931315
253,5.531611828916848,86.89133336,85.7986862702,86.4056624351
254,9.274135653820673,87.221109245,88.1542187229,88.3441476362
255,6.9381636626416245,87.0152729519,85.7986862702,86.858448852
256,3.152396860840179,86.6816866727,85.7986862702,86.0046620748
257,3.9127861839556655,86.7486890684,85.7986862702,86.2590521079
258,12.38979326637865,87.4956482446,88.1542187229,88.0705401105
259,4.2503065041960175,86.7784299778,85.7986862702,86.2590521079
260,14.951424758889646,87.7213687295,88.1542187229,88.0669918878
261,1.9126115121495724,86.572441861,85.7986862702,86.8514027691
262,1.8954545196009887,86.570930057,85.7986862702,86.8514027691
263,5.1525528139057615,86.8579322307,85.7986862702,88.0661632304
264,10.620191417515237,87.3397181709,88.1542187229,88.2048852156
265,8.418029820250993,87.1456727022,75.3384142381,86.1797346237
266,9.876373707469234,87.274175998,88.1542187229,88.5829229097
267,13.409334288081457,87.5854860275,88.1542187229,88.1057970358
268,12.231597347517189,87.4817086676,88.1542187229,88.0705401105
269,9.290121253291833,87.2225178306,88.1542187229,88.3441476362
270,11.391124095513952,87.4076496038,88.1542187229,88.0376183159
271,1.1285711705515593,86.5033554344,85.7986862702,83.6202921248
272,13.392152245949422,87.5839720162,88.1542187229,88.1057970358
273,4.978372133964451,86.8425841419,85.7986862702,85.8974272704
274,22.540050979481496,88.3900474195,88.1542187229,87.4473648719
275,13.906004670897453,87.6292505892,88.1542187229,88.0669918878
276,11.159580381103646,87.3872469192,88.1542187229,88.0376183159
277,2.793197536938954,86.6500354981,85.7986862702,86.1217283315
278,4.046084097598639,86.7604347351,85.7986862702,86.2590521079
279,4.600060211627467,86.8092488434,85.7986862702,85.9592883022
280,11.299161077809426,87.399546199,88.1542187229,88.0376183159
281,16.87703319422234,87.8910454653,88.1542187229,87.7835501968
282,11.778135783229482,87.4417514901,88.1542187229,88.0376183159
283,19.1278880852469,88.0893815878,88.1542187229,87.8127959854
284,11.236829714172554,87.3940538143,88.1542187229,88.0376183159
285,21.644863278253002,88.3111671423,88.1542187229,87.9661874795
286,4.457566992282143,86.7966929239,85.7986862702,86.0404330574
287,13.007142268388181,87.5500465125,88.1542187229,88.0705401105
288,6.453667221223446,86.9725811081,85.7986862702,85.5625492085
289,8.230872002992399,87.1291811211,85.7986862702,86.6825104466
290,10.276854965173559,87.3094647676,88.1542187229,88.5829229097
291,10.276854965173559,87.3094647676,88.1542187229,88.5829229097
292,11.315486681410148,87.4009847444,88.1542187229,88.0376183159
293,8.610038892750094,87.1625917559,88.1542187229,88.387098577
294,5.50449937158034,86.8889443212,85.7986862702,86.4056624351
295,9.209815712893004,87.215441635,88.1542187229,88.3441476362
296,11.943264327437424,87.4563019417,88.1542187229,88.0376183159
297,9.944715262130934,87.2801979761,88.1542187229,88.5829229097
298,10.367793088661024,87.3174778629,88.1542187229,88.5829229097
299,10.354780512849533,87.316331248,88.1542187229,88.5829229097
300,11.653457998193423,87.4307653938,88.1542187229,88.0376183159
301,18.815831695077865,88.0618844556,88.1542187229,87.8127959854
302,3.4221209751528354,86.705453658,85.7986862702,85.3563011
303,7.878867106245612,87.09816389,85.7986862702,87.6516920839
304,21.20383264683872,88.2723053278,88.1542187229,87.9661874795
305,11.439069144947656,87.4118743254,88.1542187229,88.0376183159
306,16.493062299897414,87.8572115213,88.1542187229,87.92051042
307,4.144882761726522,86.7691404691,85.7986862702,86.2590521079
308,20.04307083939166,88.1700237471,88.1542187229,87.6862098972
309,11.917089276902054,87.4539955033,88.1542187229,88.0376183159
310,17.55674108994822,87.9509385437,88.1542187229,87.7314558313
311,17.55674108994822,87.9509385437,88.1542187229,87.7314558313
312,8.407516433898012,87.1447463056,75.3384142381,86.1797346237
313,11.564197038450379,87.4229000833,88.1542187229,88.0376183159
314,4.085713084889895,86.7639266793,85.7986862702,86.2590521079
315,8.560043263981234,87.1581863457,103.427990353,89.2276718586
316,15.184106561428901,87.7418716978,88.1542187229,88.0669918878
317,6.787649549719585,87.0020102642,85.7986862702,87.0554197947
318,5.480663157614703,86.8868439715,85.7986862702,86.4056624351
319,6.348991258446408,86.9633574906,85.7986862702,85.5625492085
320,6.462277847444071,86.9733398412,85.7986862702,85.1612626703
321,5.15732832945958,86.8583530296,85.7986862702,88.0661632304
322,14.817209338076184,87.7095422158,88.1542187229,88.0669918878
323,5.585622819386119,86.8960925874,85.7986862702,86.1886188741
324,7.502421294985686,87.0649930256,85.7986862702,87.0209385076
325,10.55199990866375,87.3337094141,88.1542187229,88.2948336807
326,12.52377603874636,87.5074542582,88.1542187229,88.0705401105
327,11.945733174289893,87.4565194864,88.1542187229,88.0376183159
328,14.803227109461334,87.7083101591,88.1542187229,88.0669918878
329,4.3948329555684955,86.7911650573,85.7986862702,86.155954933
330,1.4155910746181102,86.5286464538,85.7986862702,83.581081728
331,5.278280884247692,86.8690108737,85.7986862702,86.5934339751
332,5.857334581597887,86.9200347161,85.7986862702,87.031861257
333,8.550923987931311,87.1573827924,103.427990353,89.4136201264
334,17.782170568094717,87.9708024668,88.1542187229,87.7314558313
335,5.846978190437707,86.9191221533,85.7986862702,87.031861257
336,1.383958493251935,86.5258591202,85.7986862702,83.581081728
337,7.643207064453182,87.0773984915,85.7986862702,87.0642948153
338,16.5649139334946,87.8635427932,88.1542187229,87.92051042
339,7.858390187555956,87.0963595478,85.7986862702,86.6457310309
340,9.480765922576728,87.2393166588,88.1542187229,88.7042407712
341,3.632726124882867,86.724011322,85.7986862702,85.819389719
342,8.767427105649217,87.1764601612,88.1542187229,88.3341482969
343,5.7170163261120885,86.9076704456,85.7986862702,86.4354267656
344,11.021235056888585,87.3750564953,88.1542187229,88.0376183159
345,1.2503636550930017,86.5140872897,85.7986862702,83.4401590484
346,14.90695302109207,87.717450062,88.1542187229,88.0669918878
347,11.927169253196872,87.4548837096,88.1542187229,88.0376183159
348,6.832843508318702,87.0059925709,85.7986862702,87.0554197947
349,9.980534591168473,87.2833542288,88.1542187229,88.5829229097
350,3.87948753577563,86.7457549277,85.7986862702,86.2590521079
351,8.665438243969508,87.1674733201,88.1542187229,88.4216792769
352,5.126170765379776,86.8556075525,85.7986862702,88.0661632304
353,13.163077940766344,87.5637869258,88.1542187229,88.0705401105
354,16.725747690668037,87.8777148057,88.1542187229,87.92051042
355,5.569119246274601,86.8946383601,85.7986862702,86.1886188741
356,14.026173945864848,87.639839414,88.1542187229,88.0669918878
357,5.940028406049764,86.9273213575,85.7986862702,86.3143909394
358,15.117794708805166,87.7360285687,88.1542187229,88.0669918878
359,3.867447890041179,86.7446940434,85.7986862702,86.2590521079
360,4.901934851445135,86.8358488013,85.7986862702,85.8974272704
361,7.743063561280632,87.0861974374,85.7986862702,86.7701923272
362,13.676030495604174,87.6089862059,88.1542187229,88.1057970358
363,10.462463086353322,87.3258197957,88.1542187229,88.4614035559
364,9.640696605459219,87.2534090961,88.1542187229,88.7355531052
365,14.560735532365733,87.6869427936,88.1542187229,88.0669918878
366,17.77493411100145,87.9701648198,88.1542187229,87.7314558313
367,2.091215285325947,86.5881796946,85.7986862702,86.4669509861
368,2.2615497134481957,86.6031888674,85.7986862702,85.777001114
369,3.3806416538784565,86.7017986699,85.7986862702,85.8133916022
370,6.732537405286454,86.9971540076,85.7986862702,87.0554197947
371,0.6235888571825825,86.4588584593,85.7986862702,84.2410938768
372,5.412643176969032,86.8808503292,85.7986862702,86.4056624351
373,21.952105941240074,88.3382401086,88.1542187229,87.9661874795
374,3.1616038053779127,86.682497951,85.7986862702,86.0046620748
375,3.1616038053779127,86.682497951,85.7986862702,86.0046620748
376,14.159255474436344,87.6515660137,88.1542187229,88.0669918878
377,9.590710153205597,87.2490044945,88.1542187229,88.7355531052
378,1.4278602780411649,86.5297275658,85.7986862702,83.4348762844
379,3.1461667825730197,86.6811377037,85.7986862702,86.0046620748
380,5.297203478839316,86.8706782554,85.7986862702,86.5934339751
381,9.454360016121068,87.2369898784,88.1542187229,88.7042407712
382,8.258809586048736,87.1316428666,85.7986862702,86.6825104466
383,6.47197169416128,86.9741940233,85.7986862702,85.1612626703
384,7.293257836739387,87.0465623975,85.7986862702,87.0236661737
385,10.873178319946673,87.3620103415,88.1542187229,88.0376183159
386,7.255786806223214,87.0432606036,85.7986862702,87.0944342168
387,7.595086637228375,87.0731583163,85.7986862702,87.0209385076
388,6.02497436422521,86.9348064477,85.7986862702,86.1669651481
389,15.364402681113491,87.7577586541,88.1542187229,88.0669918878
390,11.67881666971428,87.4329998962,88.1542187229,88.0376183159
391,14.073340960252283,87.6439955783,88.1542187229,88.0669918878
392,8.26220154310594,87.131941752,85.7986862702,87.0898254722
393,10.329103595682612,87.3140687031,88.1542187229,88.5829229097
394,10.936421954995058,87.3675831118,88.1542187229,88.0376183159
395,2.01305378460559,86.581292423,85.7986862702,86.5580661908
396,7.140009290315738,87.0330587627,85.7986862702,87.0000869197
397,1.7589646688297222,86.5589031299,85.7986862702,86.7078787582
398,3.939835206148135,86.7510725175,85.7986862702,86.2590521079
399,9.743471079437255,87.2624651622,88.1542187229,88.7355531052
400,9.548705885431927,87.2453032503,88.1542187229,88.7042407712
401,9.081042264947772,87.2040946457,88.1542187229,88.2474863839
402,15.62273478425195,87.780521822,88.1542187229,87.809361536
403,2.204856753580627,86.5981933158,85.7986862702,85.777001114
404,6.475120106431783,86.9744714485,85.7986862702,85.1612626703
405,21.048957794285307,88.2586583895,88.1542187229,87.9661874795
406,7.882109346299141,87.098449583,85.7986862702,87.6516920839
407,7.748452113706555,87.0866722546,85.7986862702,86.7701923272
408,8.324383105370528,87.1374209368,85.7986862702,87.0898254722
409,11.840808871854263,87.4472739862,88.1542187229,88.0376183159
410,5.4097993425996584,86.8805997421,85.7986862702,86.4056624351
411,8.468537058467621,87.1501231933,75.3384142381,87.6056663783
412,7.847845168679197,87.0954303638,85.7986862702,86.6457310309
413,6.2969507761611325,86.9587718962,85.7986862702,85.5625492085
414,17.071962646691095,87.908221851,88.1542187229,87.7835501968
415,8.880350817268008,87.1864105366,88.1542187229,88.2449353046
416,10.54374662150573,87.3329821683,88.1542187229,88.2948336807
417,7.997047603322494,87.1085774719,85.7986862702,87.6516920839
418,14.399688212964334,87.6727519628,88.1542187229,88.0669918878
419,14.599070249482988,87.690320692,88.1542187229,88.0669918878
420,8.790551913924036,87.1784978247,88.1542187229,88.2168326968
421,9.233438229092842,87.2175231545,88.1542187229,88.3441476362
422,7.032288951147659,87.0235668872,85.7986862702,87.300791216
423,14.6419185710729,87.6940963107,88.1542187229,88.0669918878
424,9.85022461902176,87.2718718473,88.1542187229,88.5829229097
425,8.444317891429424,87.1479890994,75.3384142381,85.9379896498
426,8.478225932644111,87.1509769373,103.427990353,88.6957427467
427,17.479602527378777,87.9441414092,88.1542187229,87.7314558313
428,1.593235183966669,86.5442997258,85.7986862702,84.0207013649
429,5.015263854026639,86.8458348893,85.7986862702,85.8974272704
430,7.066974630327887,87.0266232473,85.7986862702,87.300791216
431,7.066974630327887,87.0266232473,85.7986862702,87.300791216
432,21.186709230490173,88.2707964824,88.1542187229,87.9661874795
433,2.035200189603615,86.5832438736,85.7986862702,86.5580661908
434,7.952159266677656,87.1046220953,85.7986862702,87.6516920839
435,9.395896363310264,87.2318383005,88.1542187229,88.7042407712
436,3.9930450872383867,86.7557611545,85.7986862702,86.2590521079
437,8.0014602543473,87.1089662966,85.7986862702,87.6516920839
438,17.369369503649047,87.9344281262,88.1542187229,87.7314558313
439,4.968619339760958,86.8417247656,85.7986862702,85.8974272704
440,3.1536113322201302,86.681793687,85.7986862702,86.0046620748
441,8.387753734022311,87.1430048973,75.3384142381,85.9158966589
442,15.855862153880937,87.8010640518,88.1542187229,87.809361536
443,12.389674118064534,87.4956377457,88.1542187229,88.0705401105
444,19.8538451350443,88.1533499524,88.1542187229,87.6862098972
445,10.579296467279393,87.3361146752,88.1542187229,88.2948336807
446,10.062969596882077,87.2906180642,88.1542187229,88.5829229097
447,4.858278560024037,86.8320019876,85.7986862702,85.8974272704
448,4.482528030849349,86.7988923885,85.7986862702,86.0404330574
449,12.72757602901603,87.5254122794,88.1542187229,88.0705401105
450,6.976548417484062,87.0186552595,85.7986862702,86.858448852
451,10.504884683845672,87.3295578133,88.1542187229,88.4255340315
452,5.018447978475511,86.8461154613,85.7986862702,85.8974272704
453,12.509474421892453,87.5061940583,88.1542187229,88.0705401105
454,10.285410769203303,87.3102186701,88.1542187229,88.5829229097
455,8.584183191737068,87.1603134573,88.1542187229,88.7152364751
456,5.473206887633366,86.8861869555,85.7986862702,86.4056624351
457,14.56848067675667,87.687625264,88.1542187229,88.0669918878
458,13.276731237475392,87.5738015893,88.1542187229,88.1057970358
459,10.472213899132583,87.3266789975,88.1542187229,88.4255340315
460,11.614943077479548,87.4273716166,88.1542187229,88.0376183159
461,18.67639726901287,88.0495980645,88.1542187229,87.7314558313
462,5.089334753690708,86.8523617139,85.7986862702,85.1378107723
463,15.324812646637595,87.7542701423,88.1542187229,88.0669918878
464,10.850573430617091,87.3600184911,88.1542187229,88.0376183159
465,2.395051685263894,86.6149525149,85.7986862702,85.777001114
466,17.200268771111002,87.9195276616,88.1542187229,87.7835501968
467,8.322306874015954,87.1372379878,85.7986862702,87.0898254722
468,1.6023392049677658,86.5451019349,85.7986862702,84.0649352687
469,3.166819721460102,86.6829575562,85.7986862702,86.0046620748
470,8.81488233576375,87.1806417219,88.1542187229,88.2168326968
471,5.115709626226233,86.8546857597,85.7986862702,85.4860067022
472,10.903222471907416,87.3646577092,88.1542187229,88.0376183159
473,25.091645183705577,88.6148834596,88.1542187229,86.8320835623
474,13.180035315462506,87.5652811403,88.1542187229,88.0705401105
475,15.219499746978842,87.7449904005,88.1542187229,88.0669918878
476,13.193790149224254,87.5664931599,88.1542187229,88.0705401105
477,8.47851920566385,87.1510027793,103.427990353,88.6957427467
478,7.686686122280741,87.0812296881,85.7986862702,86.7701923272
479,9.984815938430405,87.2837314836,88.1542187229,88.5829229097
480,8.208328705568974,87.127194698,85.7986862702,87.1336440175
481,10.230175643534743,87.3053515768,88.1542187229,88.5829229097
482,11.073150753062814,87.379631094,88.1542187229,88.0376183159
483,14.316184764183824,87.6653939806,88.1542187229,88.0669918878
484,4.602340522996611,86.8094497751,85.7986862702,85.9592883022
485,18.369178667806754,88.0225272185,88.1542187229,87.7314558313
486,13.98682699319983,87.6363723215,88.1542187229,88.0669918878
487,6.148598823283215,86.9456997292,85.7986862702,85.5625492085
488,14.39890988867992,87.67268338,88.1542187229,88.0669918878
489,14.512664326386993,87.6827069556,88.1542187229,88.0669918878
490,2.0078003682524046,86.5808295135,85.7986862702,86.5580661908
491,10.12208142555356,87.2958267566,88.1542187229,88.5829229097
492,11.831467783740715,87.4464508877,88.1542187229,88.0376183159
493,5.168376950050231,86.8593265888,85.7986862702,88.0661632304
494,18.632204186554233,88.045703951,88.1542187229,87.7314558313
495,12.210047073616986,87.4798097456,88.1542187229,88.0705401105
496,13.916374749710455,87.6301643581,88.1542187229,88.0669918878
497,12.860552543059217,87.5371296257,88.1542187229,88.0705401105
498,21.333252011297237,88.2837092326,88.1542187229,87.9661874795
499,11.610276197423733,87.4269603902,88.1542187229,88.0376183159
500,12.879954431798566,87.5388392407,88.1542187229,88.0705401105
501,12.918478326574329,87.5422338087,88.1542187229,88.0705401105
502,15.077041357587806,87.7324375502,88.1542187229,88.0669918878
503,12.75323420347602,87.5276731728,88.1542187229,88.0705401105
504,16.615282484199945,87.8679810638,88.1542187229,87.92051042
505,5.830570965123028,86.9176764157,85.7986862702,86.4354267656
506,3.9821052902196707,86.7547971843,85.7986862702,86.2590521079
507,3.9821052902196707,86.7547971843,85.7986862702,86.2590521079
508,6.011922860815568,86.9336564027,85.7986862702,86.2568790227
509,15.34479657289886,87.7560310441,88.1542187229,88.0669918878
510,14.301857353067337,87.6641315077,88.1542187229,88.0669918878
511,5.270943012561542,86.8683642905,85.7986862702,86.5934339751
512,14.137866276360603,87.6496812851,88.1542187229,88.0669918878
513,9.714166611814747,87.2598829724,88.1542187229,88.7355531052
514,4.114163359967347,86.7664336011,85.7986862702,86.2590521079
515,2.799205088347176,86.650564859,85.7986862702,86.1217283315
516,27.813602325845167,88.8547311847,88.1542187229,85.1775453605
517,15.653904035650193,87.7832683288,88.1542187229,87.809361536
518,10.548491864084315,87.3334002996,88.1542187229,88.2948336807
519,8.220586622796697,87.1282748155,85.7986862702,86.7918922743
520,4.241722417688985,86.7776735833,85.7986862702,86.2590521079
521,4.241722417688985,86.7776735833,85.7986862702,86.2590521079
522,4.295945156356057,86.7824514691,85.7986862702,86.2590521079
523,12.292991034872186,87.4871184281,88.1542187229,88.0705401105
524,2.7270462351346567,86.6442065161,85.7986862702,86.1217283315
525,7.422857896190978,87.0579822244,85.7986862702,87.6217416034
526,9.640804661633794,87.2534186176,88.1542187229,88.7355531052
527,15.237822082184902,87.7466048897,88.1542187229,88.0669918878
528,14.809126990110586,87.7088300324,88.1542187229,88.0669918878
529,13.668601090508997,87.6083315572,88.1542187229,88.1057970358
530,13.232442894952737,87.5698990817,88.1542187229,88.0705401105
531,4.638323825074072,86.8126204764,85.7986862702,85.9592883022
532,3.9609032620134577,86.7529289484,85.7986862702,86.2590521079
533,15.014011703461538,87.726883635,88.1542187229,88.0669918878
534,11.086775768357436,87.3808316746,88.1542187229,88.0376183159
535,6.324350596749188,86.9611862563,85.7986862702,85.5625492085
536,12.43272621701281,87.4994313205,88.1542187229,88.0705401105
537,15.492478997512196,87.769044215,88.1542187229,87.809361536
538,10.62357812835681,87.340016594,88.1542187229,88.2048852156
539,16.083948258379774,87.821162066,88.1542187229,87.92051042
540,13.148730333780424,87.5625226734,88.1542187229,88.0705401105
541,12.076046518211202,87.468002165,88.1542187229,88.0705401105
542,13.671970775894913,87.6086284801,88.1542187229,88.1057970358
543,10.851270128986814,87.3600798813,88.1542187229,88.0376183159
544,20.617613128287704,88.2206500626,88.1542187229,87.9661874795
545,6.536638535326294,86.9798922008,85.7986862702,88.051489977
546,4.971228542350193,86.8419546778,85.7986862702,85.8974272704
547,13.423759720756944,87.5867571376,88.1542187229,88.1057970358
548,3.500073158478021,86.7123224854,85.7986862702,85.3563011
549,3.3159314801184605,86.6960966742,85.7986862702,86.0046620748
550,10.769074762269902,87.352837162,88.1542187229,88.1373315152
551,10.769074762269902,87.352837162,88.1542187229,88.1373315152
552,10.025755951231876,87.28733895,88.1542187229,88.5829229097
553,3.773080145196957,86.7363787439,85.7986862702,86.4215331252
554,11.103281127165626,87.3822860593,88.1542187229,88.0376183159
555,6.673518026926282,86.9919534615,85.7986862702,87.214926776
556,20.43053194274057,88.2041652341,88.1542187229,87.9661874795
557,20.43053194274057,88.2041652341,88.1542187229,87.9661874795
558,11.289424537320453,87.3986882549,88.1542187229,88.0376183159
559,16.055870049022186,87.8186879291,88.1542187229,87.92051042
560,8.756900862706692,87.1755326318,88.1542187229,88.3341482969
561,7.459610958952315,87.0612207539,85.7986862702,87.0209385076
562,19.634707454318207,88.1340404367,88.1542187229,87.8127959854
563,0.12295853713486637,86.4147449641,85.7986862702,85.8594200118
564,7.2071335071977005,87.038973474,85.7986862702,87.0944342168
565,4.987257839988979,86.843367114,85.7986862702,85.8974272704
566,9.618115081769513,87.2514193047,88.1542187229,88.7355531052
567,1.5817891615505695,86.5432911492,85.7986862702,83.2733672761
568,7.9349579279445335,87.1031063837,85.7986862702,87.6516920839
569,8.451834698908295,87.1486514497,75.3384142381,86.0889536573
570,14.127892002619065,87.6488023929,88.1542187229,88.0669918878
571,13.299707830945662,87.5758261926,88.1542187229,88.1057970358
572,15.792720466029515,87.7955002647,88.1542187229,87.809361536
573,7.760630014662679,87.0877453214,85.7986862702,86.7701923272
574,12.83651510670595,87.5350115452,88.1542187229,88.0705401105
575,10.898841063492547,87.3642716374,88.1542187229,88.0376183159
576,3.4797107515791477,86.7105282334,85.7986862702,85.3563011
577,15.074693366581316,87.7322306548,88.1542187229,88.0669918878
578,17.29842458135006,87.92817675,88.1542187229,87.7314558313
579,18.573412733217534,88.0405234887,88.1542187229,87.7314558313
580,13.605754227597783,87.6027937488,88.1542187229,88.1057970358
581,22.10550143885446,88.3517566921,88.1542187229,87.4473648719
582,12.001206053921043,87.4614075295,88.1542187229,88.0705401105
583,12.014518534160269,87.4625805708,88.1542187229,88.0705401105
584,19.023755940475642,88.0802058893,88.1542187229,87.8127959854
585,24.771312557876424,88.5866570594,88.1542187229,87.3494387648
586,9.746956276309378,87.2627722635,88.1542187229,88.7355531052
587,8.583737746144141,87.1602742065,88.1542187229,88.7152364751
588,10.023197086083705,87.2871134733,88.1542187229,88.5829229097
589,10.023197086083705,87.2871134733,88.1542187229,88.5829229097
590,4.9812108126214945,86.8428342746,85.7986862702,85.8974272704
591,15.852529464194305,87.8007703888,88.1542187229,87.809361536
592,13.511811716795998,87.5945159191,88.1542187229,88.1057970358
593,2.873234545235072,86.6570880318,85.7986862702,86.1217283315
594,9.137167921283497,87.2090402089,88.1542187229,88.2474863839
595,9.968266963445306,87.2822732556,88.1542187229,88.5829229097
596,8.170254806197919,87.1238397818,85.7986862702,87.719384644
597,18.84993574732346,88.0648895651,88.1542187229,87.8127959854
598,9.859245112097758,87.2726666962,88.1542187229,88.5829229097
599,2.5393197923215602,86.6276648301,85.7986862702,86.0363788697
600,3.7252616812346466,86.7321651765,85.7986862702,87.0276079172
601,21.512762069254457,88.2995269243,88.1542187229,87.9661874795
602,20.067309391914453,88.1721595492,88.1542187229,87.9661874795
603,17.899813245683827,87.9811686582,88.1542187229,87.7314558313
604,8.745767664695139,87.1745516199,88.1542187229,88.3341482969
605,0.8924089450545138,86.4825457854,85.7986862702,84.4030377397
606,11.352253766585825,87.4042245095,88.1542187229,88.0376183159
607,4.310293558926419,86.7837157916,85.7986862702,86.2590521079
608,2.0118973022314703,86.5811905185,85.7986862702,86.5580661908
609,9.692789538536724,87.2579993122,88.1542187229,88.7355531052
610,15.441374764925726,87.7645411192,88.1542187229,87.809361536
611,17.838932598672596,87.9758041047,88.1542187229,87.7314558313
612,7.684857760421312,87.0810685804,85.7986862702,86.7701923272
613,17.496618262009335,87.9456407661,88.1542187229,87.7314558313
614,6.831270667150073,87.0058539786,85.7986862702,87.0554197947
615,9.83865925260602,87.2708527545,88.1542187229,88.5829229097
616,1.081131104129409,86.4991752098,85.7986862702,84.1205831563
617,12.69009826304849,87.522109892,88.1542187229,88.0705401105
618,1.898015703034544,86.571155738,85.7986862702,86.8514027691
619,8.830028358766597,87.1819763275,88.1542187229,88.2168326968
620,14.96512204994771,87.7225756788,88.1542187229,88.0669918878
621,14.361590105703005,87.6693949135,88.1542187229,88.0669918878
622,9.373363862535818,87.2298528287,88.1542187229,88.7042407712
623,7.061019656952429,87.0260985194,85.7986862702,87.300791216
624,9.719826185496368,87.2603816709,88.1542187229,88.7355531052
625,4.796606524385176,86.8265677002,85.7986862702,85.8974272704
626,3.0929263288361586,86.6764463728,85.7986862702,86.0541671206
627,15.97456711780377,87.8115238475,88.1542187229,87.92051042
628,14.653118047002417,87.6950831627,88.1542187229,88.0669918878
629,19.71775484894819,88.1413582333,88.1542187229,87.6862098972
630,3.616201627194023,86.7225552508,85.7986862702,85.819389719
631,3.616201627194023,86.7225552508,85.7986862702,85.819389719
632,7.053045831416596,87.0253958986,85.7986862702,87.300791216
633,10.57852824189577,87.3360469823,88.1542187229,88.2948336807
634,10.583439382665956,87.3364797319,88.1542187229,88.2948336807
635,15.913920834361091,87.8061799452,88.1542187229,87.809361536
636,14.592878047572668,87.6897750605,88.1542187229,88.0669918878
637,7.157328100403362,87.0345848254,85.7986862702,87.0000869197
638,8.788626998659858,87.178328209,88.1542187229,88.2168326968
639,5.479714409171412,86.8867603717,85.7986862702,86.4056624351
640,2.4334247094188948,86.6183337888,85.7986862702,86.0363788697
641,8.8578822384801,87.1844306974,88.1542187229,88.7086492995
642,11.044412622949672,87.3770988076,88.1542187229,88.0376183159
643,8.793922260428618,87.1787948058,88.1542187229,88.2168326968
644,11.71792941243678,87.436446351,88.1542187229,88.0376183159
645,5.513365909788754,86.8897256042,85.7986862702,86.4056624351
646,20.878644121238548,88.2436510456,88.1542187229,87.9661874795
647,13.313617751065742,87.5770518779,88.1542187229,88.1057970358
648,16.732455408086505,87.8783058624,88.1542187229,87.92051042
649,9.933331709370288,87.279194904,88.1542187229,88.5829229097
650,9.845221222325335,87.2714309684,88.1542187229,88.5829229097
651,17.125493030504675,87.9129387293,88.1542187229,87.7835501968
652,10.767152107316138,87.3526677455,88.1542187229,88.1373315152
653,5.179116153973371,86.8602728835,85.7986862702,87.5663937231
654,3.579904677329398,86.7193569121,85.7986862702,85.3563011
655,6.69145208905707,86.9935337376,85.7986862702,87.214926776
656,7.554796623341312,87.0696081252,85.7986862702,87.0209385076
657,8.968929549697949,87.194215732,88.1542187229,88.3405484206
658,17.758175046469233,87.9686880797,88.1542187229,87.7314558313
659,3.1347745856881715,86.6801338699,85.7986862702,86.0046620748
660,16.84036366255347,87.8878142962,88.1542187229,87.7835501968
661,17.259654626137976,87.9247605002,88.1542187229,87.7314558313
662,13.663901078347783,87.6079174113,88.1542187229,88.1057970358
663,2.3454713025717555,86.6105836945,85.7986862702,85.777001114
664,15.436371155025784,87.7641002215,88.1542187229,87.809361536
665,12.009450418832845,87.4621339892,88.1542187229,88.0705401105
666,19.822663243488954,88.1506023317,88.1542187229,87.6862098972
667,19.822663243488954,88.1506023317,88.1542187229,87.6862098972
668,8.35149581076151,87.1398099975,85.7986862702,86.9720948248
669,20.94339370419191,88.2493565139,88.1542187229,87.9661874795
670,3.7358024927353384,86.7330939897,85.7986862702,86.4215331252
671,20.00735772644341,88.1668768538,88.1542187229,87.6862098972
672,13.285495556942873,87.5745738652,88.1542187229,88.1057970358
673,14.101478923332927,87.6464749805,88.1542187229,88.0669918878
674,8.58924253980079,87.1607592664,88.1542187229,88.387098577
675,9.855152894304114,87.2723061067,88.1542187229,88.5829229097
676,18.828382456918604,88.0629903774,88.1542187229,87.8127959854
677,7.464296762564111,87.0616336478,85.7986862702,87.0209385076
678,17.35382800110592,87.9330586726,88.1542187229,87.7314558313
679,9.140947408823765,87.2093732419,88.1542187229,88.2474863839
680,14.863266923908093,87.7136006218,88.1542187229,88.0669918878
681,13.313586742438462,87.5770491455,88.1542187229,88.1057970358
682,12.66492164849971,87.5198914318,88.1542187229,88.0705401105
683,1.8076272393446935,86.5631910765,85.7986862702,87.5766497562
684,2.904245725434485,86.6598206101,85.7986862702,86.1217283315
685,18.36980872688404,88.0225827368,88.1542187229,87.7314558313
686,23.84130048973905,88.5047082016,88.1542187229,87.4806606266
687,0.7146121400281368,86.4668790585,85.7986862702,84.4072951036
688,5.467185054692776,86.8856563363,85.7986862702,86.4056624351
689,2.7990815424716873,86.6505539726,85.7986862702,86.1217283315
690,11.111439148484322,87.3830049107,88.1542187229,88.0376183159
691,9.992278484447633,87.2843890526,88.1542187229,88.5829229097
692,10.129867336675588,87.2965128193,88.1542187229,88.5829229097
693,2.1649068057388576,86.5946730899,85.7986862702,85.9276691892
694,10.152585479226326,87.298514649,88.1542187229,88.5829229097
695,0.9596257023609941,86.488468651,85.7986862702,84.1965703322
696,8.196529171352697,87.1261549713,85.7986862702,87.1336440175
697,19.720138298931175,88.1415682531,88.1542187229,87.6862098972
698,6.190047038139254,86.9493519763,85.7986862702,85.5625492085
699,10.089035688114516,87.2929149015,88.1542187229,88.5829229097
700,18.675902115334843,88.0495544336,88.1542187229,87.7314558313
701,1.9951046037213984,86.5797108147,85.7986862702,86.5580661908
702,11.345910652004909,87.4036655802,88.1542187229,88.0376183159
703,13.208322194516168,87.5677736643,88.1542187229,88.0705401105
704,9.077014681558278,87.2037397516,88.1542187229,88.2474863839
705,9.449076752572504,87.2365243388,88.1542187229,88.7042407712
706,2.487824725696162,86.6231272956,85.7986862702,86.0363788697
707,12.722945818799902,87.5250042842,88.1542187229,88.0705401105
708,22.478763469882992,88.3846470149,88.1542187229,87.4473648719
709,10.559553505805813,87.3343750062,88.1542187229,88.2948336807
710,1.4160060086871984,86.5286830161,85.7986862702,83.581081728
711,4.630799781827683,86.8119574885,85.7986862702,85.9592883022
712,3.9345227762732815,86.7506044079,85.7986862702,86.2590521079
713,15.142356331502764,87.7381928384,88.1542187229,88.0669918878
714,15.142356331502764,87.7381928384,88.1542187229,88.0669918878
715,9.525843054219415,87.2432886712,88.1542187229,88.7042407712
716,10.45124298919107,87.3248311267,88.1542187229,88.4913569951
717,18.705940039284393,88.0522012526,88.1542187229,87.8127959854
718,10.902124660718105,87.3645609746,88.1542187229,88.0376183159
719,19.415826417869425,88.1147535354,88.1542187229,87.8127959854
720,19.415826417869425,88.1147535354,88.1542187229,87.8127959854
721,10.966659420679457,87.3702475136,88.1542187229,88.0376183159
722,19.368015183341267,88.1105406051,88.1542187229,87.8127959854
723,9.743766039608774,87.2624911529,88.1542187229,88.7355531052
724,3.1626485861876525,86.6825900128,85.7986862702,86.0046620748
725,8.453682455404225,87.1488142665,75.3384142381,86.0889536573
726,8.47555565199209,87.150741643,103.427990353,88.6957427467
727,3.7699546375031203,86.7361033369,85.7986862702,86.4215331252
728,11.3730715100314,87.4060588838,88.1542187229,88.0376183159
729,10.286413086230716,87.3103069901,88.1542187229,88.5829229097
730,12.901100261285032,87.5407025247,88.1542187229,88.0705401105
731,15.946500506198005,87.8090507325,88.1542187229,87.92051042
732,3.864449208453166,86.7444298119,85.7986862702,86.2590521079
733,10.388708851568682,87.3193208744,88.1542187229,88.5829229097
734,8.971614660419686,87.194452333,88.1542187229,88.3405484206
735,14.48164085338785,87.6799732941,88.1542187229,88.0669918878
736,1.0609324427882723,86.4973953865,85.7986862702,84.1965703322
737,4.140965644599684,86.7687953087,85.7986862702,86.2590521079
738,13.898901887371988,87.628624721,88.1542187229,88.0669918878
739,6.052024826873066,86.9371900238,85.7986862702,86.1669651481
740,17.13284949563773,87.9135869509,88.1542187229,87.7835501968
741,2.0240534082413255,86.5822616648,85.7986862702,86.5580661908
742,9.03584737742033,87.2001122572,88.1542187229,88.3191363769
743,9.887836835915643,87.2751860819,88.1542187229,88.5829229097
744,1.5593925011995886,86.5413176471,85.7986862702,83.2733672761
745,16.448223918793474,87.8532605466,88.1542187229,87.92051042
746,3.8821328167311133,86.7459880191,85.7986862702,86.2590521079
747,9.00247126433404,87.1971712907,88.1542187229,89.259319745
748,2.5859730939414076,86.6317757282,85.7986862702,86.0363788697
749,11.06726614097261,87.3791125661,88.1542187229,88.0376183159
750,8.31755154181485,87.1368189674,85.7986862702,87.0898254722
751,6.433449208751375,86.9707995796,85.7986862702,85.5625492085
