,dow,promised_time,actual_time,on_demand,rating_driver,rating_picker,accepted_rate_driver,accepted_rate_picker,picking_speed_driver,picking_speed_picker,found_rate_driver,found_rate_picker,seniority_driver,seniority_picker,total_distance,total_minutes_LR,total_minutes_DTR,total_minutes_RFR
0,2.0,720.0,647.9,0.0,4.91,4.91,1.0,1.0,2.05,2.05,0.7849,0.7849,2.0,2.0,3.30774279905,90.8058835043,43.595573,73.46194743
1,2.0,720.0,668.416666667,0.0,4.84,4.84,0.88,0.88,1.75,1.75,0.8825,0.8825,3.0,3.0,8.56416749428,97.3670649797,119.441752,102.5733532
2,2.0,660.0,599.616666667,0.0,4.76,4.76,1.0,1.0,1.89,1.89,0.8665,0.8665,3.0,3.0,3.18871086873,93.44820303,130.602114,90.87705764
3,2.0,720.0,651.516666667,0.0,4.96,4.96,1.0,1.0,2.33,2.33,0.8808,0.8808,2.0,2.0,14.5002910538,90.542738485,79.618376,78.34978187
4,2.0,540.0,528.65,0.0,4.84,4.84,0.88,0.88,1.75,1.75,0.8825,0.8825,3.0,3.0,13.7535746193,98.61935107,107.561484,94.10681022
5,2.0,660.0,610.116666667,0.0,4.8,4.8,1.0,1.0,1.63,1.63,0.9028,0.9028,3.0,3.0,9.85470217012,93.5722813015,96.617856,94.33956789
6,2.0,660.0,586.083333333,0.0,4.56,4.56,1.0,1.0,1.51,1.51,0.8982,0.8982,3.0,3.0,9.51807594391,92.2491564123,103.888564,107.77354155
7,2.0,660.0,617.866666667,0.0,4.88,4.88,0.96,0.96,2.63,2.63,0.8663,0.8663,2.0,2.0,10.5837191538,93.0068399366,72.70541,85.41762577
8,2.0,600.0,557.333333333,0.0,4.88,4.88,1.0,1.0,1.55,1.55,0.9226,0.9226,3.0,3.0,12.160835193,93.2674703318,97.798878,105.23104884
9,2.0,780.0,695.85,0.0,4.84,4.84,1.0,1.0,1.54,1.54,0.878,0.878,3.0,3.0,17.8466932402,93.1555755717,31.203992,96.67309979
10,2.0,780.0,696.25,0.0,4.92,4.92,1.0,1.0,1.58,1.58,0.851,0.851,3.0,3.0,0.640932937943,92.6527638827,95.509946,112.76246758
11,2.0,780.0,727.1,0.0,4.96,4.96,1.0,1.0,2.03,2.03,0.8337,0.8337,2.0,2.0,9.69654514512,91.9178385906,71.024566,93.34606724
12,2.0,780.0,715.283333333,0.0,4.84,4.84,0.76,0.76,2.8,2.8,0.7758,0.7758,0.0,0.0,13.3518877161,92.0943398787,61.373746,77.04765386
13,2.0,660.0,643.1,0.0,4.84,4.84,1.0,1.0,2.67,2.67,0.8306,0.8306,2.0,2.0,10.8158680107,93.9570026187,87.594631,103.8834921
14,2.0,600.0,570.416666667,0.0,4.8,4.8,1.0,1.0,1.57,1.57,0.8874,0.8874,3.0,3.0,8.05592489958,94.339065973,49.879497,124.05109878
15,2.0,600.0,569.15,0.0,4.84,4.84,0.88,0.88,1.73,1.73,0.8385,0.8385,2.0,2.0,12.0298755038,94.78419893,83.82335,105.42995173
16,2.0,660.0,585.5,0.0,4.76,4.76,0.88,0.88,2.41,2.41,0.8496,0.8496,2.0,2.0,7.69898631686,93.1705795418,39.339197,68.11364425
17,2.0,720.0,669.416666667,0.0,4.92,4.92,1.0,1.0,1.97,1.97,0.8885,0.8885,3.0,3.0,10.0054405462,94.4913047511,127.140351,98.85595745
18,2.0,600.0,545.733333333,0.0,4.4,4.4,1.0,1.0,1.61,1.61,0.8313,0.8313,3.0,3.0,13.8481864944,94.2813995353,139.854569,115.98703078
19,2.0,750.0,745.483333333,0.0,4.87,4.87,1.0,1.0,2.36,2.36,0.8555,0.8555,2.0,2.0,5.20507520701,94.2862712538,156.658838,120.13018062
20,2.0,600.0,540.5,0.0,4.8,4.8,0.92,0.92,1.46,1.46,0.8454,0.8454,3.0,3.0,19.6714824981,95.8301232459,78.286028,93.55852423
21,2.0,600.0,559.666666667,0.0,4.92,4.92,1.0,1.0,2.4,2.4,0.8036,0.8036,2.0,2.0,12.0256261508,92.3193475687,124.345111,87.80040863
22,2.0,536.0,497.7,1.0,4.88,4.88,0.96,0.96,2.63,2.63,0.8663,0.8663,2.0,2.0,19.9949837589,73.4187700953,54.094399,62.6758309
23,2.0,660.0,625.583333333,0.0,4.72,4.72,0.96,0.96,1.75,1.75,0.848,0.848,3.0,3.0,3.87138256753,96.1087683748,142.533196,105.34763851
24,2.0,660.0,601.516666667,0.0,4.92,4.92,1.0,1.0,1.76,1.76,0.8584,0.8584,3.0,3.0,16.9705103435,94.1786851808,152.581103,100.202757
25,2.0,660.0,645.433333333,0.0,4.76,4.76,0.92,0.92,1.47,1.47,0.9529,0.9529,3.0,3.0,4.27121943296,96.4833462679,78.01611,129.65784067
26,2.0,660.0,634.516666667,0.0,4.95,4.95,1.0,1.0,3.67,3.67,0.8667,0.8667,0.0,0.0,4.36006144684,86.3436752514,75.770026,88.97673187
27,2.0,720.0,673.483333333,0.0,4.92,4.92,0.92,0.92,2.06,2.06,0.8571,0.8571,2.0,2.0,1.31196361515,93.2158925377,118.545254,78.50313445
28,2.0,780.0,680.733333333,0.0,4.8,4.8,0.96,0.96,1.9,1.9,0.8571,0.8571,3.0,3.0,13.7138183954,93.8453178567,104.06914,86.795863
29,2.0,671.0,656.65,1.0,4.87,4.87,0.96,0.96,2.67,2.67,0.7602,0.7602,0.0,0.0,23.1371193521,70.0865748603,75.23446,71.3063967
30,2.0,707.0,674.116666667,1.0,4.92,4.92,1.0,1.0,1.63,1.63,0.8346,0.8346,3.0,3.0,5.09930286265,76.0919733903,59.218623,76.02402407
31,2.0,720.0,760.15,0.0,4.72,4.72,1.0,1.0,2.21,2.21,0.8392,0.8392,2.0,2.0,7.32228622744,96.8250533224,202.549617,137.32062955
32,2.0,780.0,673.633333333,0.0,4.84,4.84,1.0,1.0,0.84,0.84,0.8636,0.8636,3.0,3.0,8.74850452736,90.8488132758,121.364531,98.11162249
33,2.0,727.0,736.833333333,1.0,4.0,4.0,0.9524,0.9524,3.03,3.03,0.8427,0.8427,2.0,2.0,13.60004177,78.5317737023,114.033157,89.3905952
34,2.0,766.0,735.3,1.0,4.8,4.8,0.96,0.96,1.42,1.42,0.8687,0.8687,3.0,3.0,8.749414115,77.2151140399,81.450584,64.37984494
35,2.0,840.0,777.9,0.0,4.56,4.56,1.0,1.0,1.6,1.6,0.8656,0.8656,3.0,3.0,0.444632869152,94.2715601089,98.281583,90.93377116
36,2.0,779.0,740.7,1.0,4.84,4.84,0.96,0.96,2.23,2.23,0.8398,0.8398,2.0,2.0,11.3161672852,74.6344035818,78.206405,69.52461197
37,2.0,960.0,937.6,0.0,5.0,5.0,1.0,1.0,1.58,1.58,0.8851,0.8851,3.0,3.0,16.2733836012,97.689732393,104.441643,112.29735154
38,2.0,840.0,765.166666667,0.0,4.72,4.72,0.96,0.96,1.5,1.5,0.8556,0.8556,3.0,3.0,16.2125560013,95.3896528038,131.521089,91.23434316
39,2.0,840.0,783.25,0.0,4.56,4.56,0.96,0.96,1.25,1.25,0.8796,0.8796,3.0,3.0,21.9406153014,96.167916667,75.669555,89.78683501
40,2.0,801.0,811.383333333,1.0,4.81,4.81,0.96,0.96,1.26,1.26,0.8416,0.8416,3.0,3.0,5.85136994867,79.8150184706,86.887283,84.10554759
41,2.0,1020.0,956.133333333,0.0,4.72,4.72,0.8,0.8,3.44,3.44,0.8352,0.8352,0.0,0.0,20.0829687192,93.0981924477,109.639821,91.51361112
42,2.0,900.0,851.633333333,0.0,4.72,4.72,1.0,1.0,1.19,1.19,0.901,0.901,3.0,3.0,3.83822614133,94.6199510173,154.527785,99.60045175
43,2.0,900.0,842.55,0.0,4.76,4.76,1.0,1.0,1.29,1.29,0.8272,0.8272,3.0,3.0,1.50496327184,95.115975787,126.074264,99.95113066
44,2.0,811.0,782.533333333,1.0,4.96,4.96,0.96,0.96,1.91,1.91,0.8383,0.8383,3.0,3.0,7.06752156904,78.4694479621,60.265384,71.27371446
45,2.0,852.0,867.883333333,1.0,4.58,4.58,0.96,0.96,1.86,1.86,0.8333,0.8333,3.0,3.0,0.91042563575,81.1184244185,84.330829,106.47059091
46,2.0,900.0,816.816666667,0.0,4.64,4.64,1.0,1.0,1.5,1.5,0.8471,0.8471,3.0,3.0,14.8111368937,94.3870716256,86.815188,92.13673619
47,2.0,839.0,810.516666667,1.0,4.96,4.96,0.96,0.96,2.58,2.58,0.8416,0.8416,2.0,2.0,14.8111368937,76.105923858,85.126749,77.90370042
48,2.0,900.0,858.283333333,0.0,4.68,4.68,1.0,1.0,1.39,1.39,0.855,0.855,2.0,2.0,6.83133971978,92.3676736704,83.801958,101.50330813
49,2.0,843.0,823.1,1.0,4.76,4.76,1.0,1.0,1.45,1.45,0.8673,0.8673,3.0,3.0,9.29653338647,77.4266969695,69.167529,75.07771389
50,2.0,960.0,889.566666667,0.0,4.68,4.68,0.72,0.72,2.57,2.57,0.8601,0.8601,0.0,0.0,1.13371234459,92.0857957993,86.766737,83.70451488
51,2.0,1020.0,978.466666667,0.0,4.84,4.84,1.0,1.0,1.54,1.54,0.878,0.878,3.0,3.0,18.0937020861,97.2696793467,31.203992,111.96211054
52,2.0,1020.0,943.166666667,0.0,4.8,4.8,1.0,1.0,1.16,1.16,0.8299,0.8299,3.0,3.0,6.63352146987,94.9521421404,84.932281,99.35400017
53,2.0,959.0,932.266666667,1.0,4.64,4.64,1.0,1.0,2.27,2.27,0.8805,0.8805,2.0,2.0,8.131999772,74.9194728819,62.979859,63.08963398
54,2.0,962.0,930.266666667,1.0,4.64,4.64,0.96,0.96,2.11,2.11,0.856,0.856,2.0,2.0,22.9992558445,76.6575997252,62.979859,64.75701548
55,2.0,1020.0,947.183333333,0.0,4.78,4.78,1.0,1.0,2.9,2.9,0.9172,0.9172,2.0,2.0,13.3120684586,92.5804024511,46.382561,88.98794395
56,2.0,981.0,945.383333333,1.0,4.88,4.88,1.0,1.0,0.8,0.8,0.8521,0.8521,3.0,3.0,8.65813568852,76.9258723725,65.188433,68.14995338
57,2.0,1025.0,1018.78333333,1.0,4.79,4.92,0.96,0.92,2.04,1.47,0.8508,0.8329,2.0,3.0,8.65813568852,70.2213819172,72.739228,86.71872337
58,2.0,1012.0,961.166666667,1.0,4.84,4.84,1.0,1.0,0.84,0.84,0.8636,0.8636,3.0,3.0,6.79512027697,76.0953793647,76.40797,64.46931318
59,2.0,1200.0,1190.96666667,0.0,4.84,4.84,1.0,1.0,1.54,1.54,0.8065,0.8065,3.0,3.0,10.5996079563,100.983277003,133.497284,102.7761325
60,2.0,1017.0,968.15,1.0,4.96,4.96,0.92,0.92,2.88,2.88,0.7925,0.7925,0.0,0.0,1.5430005162,70.2502457169,32.134351,58.43088571
61,2.0,1017.0,996.166666667,1.0,4.96,4.96,1.0,1.0,2.33,2.33,0.8808,0.8808,2.0,2.0,5.36294470679,75.4288418931,91.65912,69.14028544
62,2.0,1320.0,1262.96666667,0.0,4.76,4.76,0.8,0.8,2.17,2.17,0.9161,0.9161,0.0,0.0,14.0414975977,92.7269120996,85.374197,76.09478115
63,2.0,1100.0,1051.63333333,1.0,5.0,5.0,1.0,1.0,2.81,2.81,0.8333,0.8333,2.0,2.0,3.77285672475,75.573077518,68.583401,58.5506941
64,2.0,1108.0,1102.3,1.0,4.96,4.96,0.92,0.92,1.55,1.55,0.8586,0.8586,3.0,3.0,10.4352254836,82.3977483066,71.182582,74.47530536
65,2.0,1200.0,1192.41666667,0.0,4.68,4.68,1.0,1.0,1.73,1.73,0.8836,0.8836,3.0,3.0,6.286348696,100.03978412,134.274288,120.36011067
66,2.0,1200.0,1171.43333333,0.0,4.8,4.8,0.96,0.96,1.46,1.46,0.8639,0.8639,3.0,3.0,10.9075937873,100.06991613,169.95525,122.40978183
67,2.0,1140.0,1110.68333333,0.0,4.84,4.84,1.0,1.0,1.7,1.7,0.8072,0.8072,2.0,2.0,9.15107896794,95.8368978345,111.093236,101.55315752
68,2.0,1142.0,1147.06666667,1.0,4.81,4.81,1.0,1.0,2.88,2.88,0.7959,0.7959,2.0,2.0,11.2207157107,79.9594031941,74.890944,84.98864862
69,2.0,1320.0,1255.9,0.0,4.6,4.6,0.92,0.92,1.71,1.71,0.8567,0.8567,3.0,3.0,13.1202805418,100.564170224,96.506096,98.74807239
70,2.0,1223.0,1192.43333333,1.0,4.68,4.68,1.0,1.0,1.33,1.33,0.858,0.858,3.0,3.0,17.493389908,80.0019089519,68.343783,73.82651384
71,2.0,1260.0,1246.75,0.0,4.8,4.8,0.8,0.8,2.57,2.57,0.8306,0.8306,0.0,0.0,15.1008641321,96.4421366524,117.886298,106.59804048
72,2.0,1197.0,1200.2,1.0,4.92,4.92,1.0,1.0,2.15,2.15,0.8116,0.8116,2.0,2.0,4.73009013282,78.8166101484,97.623492,85.57598699
73,2.0,1242.0,1232.58333333,1.0,4.68,4.84,1.0,0.88,1.51,1.27,0.8321,0.8681,3.0,3.0,21.1186408668,82.8766904167,59.460497,88.23088657
74,2.0,1260.0,1266.03333333,0.0,4.75,4.75,1.0,1.0,2.22,2.22,0.8718,0.8718,2.0,2.0,11.6203663378,98.5204759264,128.717147,105.01903301
75,2.0,1218.0,1218.81666667,1.0,4.6,4.6,1.0,1.0,2.5,2.5,0.8521,0.8521,2.0,2.0,13.6123264692,79.2743721447,96.167922,86.89320864
76,2.0,1320.0,1281.51666667,0.0,4.56,4.56,1.0,1.0,1.58,1.58,0.8577,0.8577,3.0,3.0,26.1427054019,100.464605459,77.11424,103.50625384
77,2.0,1247.0,1217.76666667,1.0,4.68,4.68,0.96,0.96,1.5,1.5,0.8289,0.8289,3.0,3.0,7.69201673154,81.3704190829,72.819807,74.58473748
78,2.0,1260.0,1237.93333333,0.0,4.8,4.8,1.0,1.0,1.86,1.86,0.8091,0.8091,3.0,3.0,21.1869138262,101.578407701,111.01402,94.54860906
79,2.0,1275.0,1242.21666667,1.0,4.76,4.76,0.96,0.96,2.24,2.24,0.9148,0.9148,2.0,2.0,6.99462863985,77.2409765666,59.163342,69.10564198
80,3.0,600.0,595.683333333,0.0,4.72,4.72,1.0,1.0,1.5,1.5,0.8889,0.8889,2.0,2.0,13.3026761905,91.4784613866,114.131554,111.99253429
81,3.0,720.0,661.833333333,0.0,4.8,4.6,0.96,0.96,1.45,1.18,0.8459,0.8645,3.0,3.0,4.49191103868,94.9352848798,105.887622,95.44699353
82,2.0,1298.0,1272.35,1.0,4.92,4.92,1.0,1.0,1.58,1.58,0.851,0.851,3.0,3.0,18.7013737358,81.1397066751,81.179988,75.63315401
83,2.0,1380.0,1353.96666667,0.0,4.92,4.92,1.0,1.0,1.47,1.47,0.8926,0.8926,3.0,3.0,18.9024305845,100.424639588,69.613363,111.81277401
84,2.0,1339.0,1318.23333333,1.0,4.92,4.92,1.0,1.0,2.2,2.2,0.8117,0.8117,2.0,2.0,2.52076348469,78.4192135929,74.628575,77.85015311
85,3.0,780.0,689.016666667,0.0,4.72,4.72,1.0,1.0,1.5,1.5,0.8889,0.8889,2.0,2.0,6.321879252,87.524473946,75.339813,83.0875939
86,2.0,1346.0,1325.88333333,1.0,4.8,4.8,1.0,1.0,1.5,1.5,0.8746,0.8746,3.0,3.0,4.08649472881,80.6535148075,72.599849,75.87845013
87,3.0,720.0,614.116666667,0.0,4.88,4.88,0.96,0.96,1.28,1.28,0.8743,0.8743,3.0,3.0,14.1616362173,91.2769312951,58.732091,100.05433474
88,3.0,780.0,728.516666667,0.0,4.76,4.76,0.92,0.92,1.9,1.9,0.8949,0.8949,3.0,3.0,16.8562287042,96.4023941172,98.317868,93.83244011
89,3.0,600.0,550.833333333,0.0,4.8,4.8,1.0,1.0,1.63,1.63,0.9028,0.9028,3.0,3.0,14.2464251264,92.5946021376,118.579291,110.59422894
90,3.0,780.0,708.65,0.0,4.72,4.72,0.96,0.96,1.75,1.75,0.848,0.848,3.0,3.0,16.8376775374,94.7530455672,80.592554,96.2562306
91,3.0,600.0,541.516666667,0.0,4.84,4.84,0.96,0.96,1.8,1.8,0.8037,0.8037,3.0,3.0,13.0828611979,94.6167785427,63.17582,92.12112638
92,3.0,600.0,546.416666667,0.0,4.83,4.83,0.88,0.88,2.03,2.03,0.7672,0.7672,2.0,2.0,11.3450990353,93.9890003382,58.323607,72.69921822
93,3.0,660.0,605.95,0.0,4.64,4.64,1.0,1.0,1.57,1.57,0.8295,0.8295,3.0,3.0,16.0623153752,93.8822575263,154.439802,110.04685099
94,3.0,540.0,497.316666667,0.0,4.8,4.84,0.88,0.88,2.36,1.27,0.8827,0.8681,2.0,3.0,11.5068890603,83.9805968444,74.894942,70.75848252
95,3.0,660.0,670.533333333,0.0,4.92,4.92,0.92,0.92,2.13,2.13,0.8444,0.8444,2.0,2.0,0.538943434121,95.3836112107,131.735373,119.00938201
96,3.0,660.0,608.35,0.0,4.72,4.72,0.96,0.96,2.4,2.4,0.84,0.84,2.0,2.0,19.5584894505,92.3132515894,92.746415,82.73587141
97,3.0,780.0,713.25,0.0,4.92,4.92,1.0,1.0,1.89,1.89,0.8728,0.8728,3.0,3.0,3.81843902168,92.9910615241,83.521307,96.97193493
98,3.0,653.0,644.533333333,1.0,4.87,4.87,0.96,0.96,2.67,2.67,0.7602,0.7602,0.0,0.0,4.90126566602,68.4991375261,75.941879,78.62187511
99,3.0,668.0,667.933333333,1.0,4.72,4.72,1.0,1.0,1.28,1.28,0.8933,0.8933,3.0,3.0,19.9823233556,76.5011466124,79.825907,79.31377674
100,3.0,720.0,641.6,0.0,4.64,4.64,1.0,1.0,1.31,1.31,0.877,0.877,3.0,3.0,8.55005141149,91.5872542049,91.877254,101.10399936
101,3.0,643.0,649.033333333,1.0,4.68,4.68,0.72,0.72,2.57,2.57,0.8601,0.8601,0.0,0.0,11.8256847037,74.4458786984,87.674908,83.46289195
102,3.0,1080.0,1030.53333333,0.0,4.84,4.84,0.96,0.96,1.8,1.8,0.8037,0.8037,3.0,3.0,13.86048184,98.581164032,93.4038,91.52268645
103,3.0,720.0,698.016666667,0.0,4.83,4.83,0.88,0.88,2.03,2.03,0.7672,0.7672,2.0,2.0,16.1164579735,96.8700746079,50.468653,86.45201588
104,3.0,700.0,712.983333333,1.0,4.84,4.84,0.88,0.88,1.75,1.75,0.8825,0.8825,3.0,3.0,9.48243517645,80.6555267013,85.908081,89.07176862
105,3.0,709.0,700.233333333,1.0,4.84,4.84,1.0,1.0,3.0,3.0,0.8715,0.8715,2.0,2.0,23.904630391,75.006167387,70.198689,76.04743941
106,3.0,960.0,893.35,0.0,4.88,4.88,0.92,0.92,2.38,2.38,0.9024,0.9024,2.0,2.0,17.9548831725,93.5911513162,46.540576,69.37656524
107,3.0,840.0,798.166666667,0.0,4.82,4.82,1.0,1.0,2.22,2.22,0.7674,0.7674,2.0,2.0,13.4046497088,93.5484548975,80.459854,87.21091695
108,3.0,840.0,777.716666667,0.0,4.52,4.52,1.0,1.0,1.95,1.95,0.7438,0.7438,3.0,3.0,12.9184464978,96.2189075459,80.926102,85.22245811
109,3.0,900.0,838.4,0.0,4.76,4.76,1.0,1.0,1.45,1.45,0.8673,0.8673,3.0,3.0,6.0355551239,93.9143344879,38.932083,97.8809325
110,3.0,788.0,745.133333333,1.0,4.52,4.52,0.96,0.96,2.11,2.11,0.8377,0.8377,2.0,2.0,9.02207862486,73.5435867569,51.254148,65.7674318
111,3.0,791.0,753.85,1.0,4.76,4.76,1.0,1.0,1.89,1.89,0.8665,0.8665,3.0,3.0,9.57771588249,75.7809532435,52.289104,70.7842605
112,3.0,1020.0,965.216666667,0.0,4.64,4.64,1.0,1.0,2.27,2.27,0.8805,0.8805,2.0,2.0,17.6815232286,92.8806017068,45.712631,92.99478765
113,3.0,811.0,782.6,1.0,4.84,4.84,0.96,0.96,1.8,1.8,0.8037,0.8037,3.0,3.0,10.3898458284,78.2458884118,65.158402,70.33843855
114,3.0,812.0,784.516666667,1.0,4.88,4.88,0.96,0.96,2.32,2.32,0.9225,0.9225,2.0,2.0,7.1874078011,73.3537288497,40.42653,68.00804633
115,3.0,960.0,898.6,0.0,4.8,4.8,0.96,0.96,1.9,1.9,0.8571,0.8571,3.0,3.0,4.25981964604,95.9282108591,116.202762,99.00817267
116,3.0,832.0,788.116666667,1.0,4.67,4.67,1.0,1.0,2.0,2.0,0.8495,0.8495,2.0,2.0,3.30676136835,72.0941669043,50.762451,59.44935065
117,3.0,900.0,819.133333333,0.0,4.57,4.57,0.92,0.92,3.5,3.5,0.8548,0.8548,2.0,2.0,12.8329351958,94.1570849743,43.77146,91.47496123
118,3.0,900.0,860.316666667,0.0,4.9,4.9,1.0,1.0,1.69,1.69,0.8584,0.8584,3.0,3.0,3.42475979162,95.332941633,87.651693,96.52043296
119,3.0,900.0,853.683333333,0.0,4.96,4.96,0.96,0.96,1.5,1.5,0.8486,0.8486,3.0,3.0,11.6898603461,96.3400038942,69.274227,100.07718988
120,3.0,875.0,825.416666667,1.0,4.84,4.84,0.88,0.88,1.75,1.75,0.8825,0.8825,3.0,3.0,7.9533826979,78.3077656845,69.930345,70.1422877
121,3.0,900.0,884.4,0.0,4.92,4.92,1.0,1.0,1.76,1.76,0.8557,0.8557,3.0,3.0,9.2554984648,97.1004106965,87.651693,108.09751272
122,3.0,960.0,919.366666667,0.0,4.88,4.88,1.0,1.0,0.8,0.8,0.8521,0.8521,3.0,3.0,17.0647385003,95.5358188318,38.662944,89.15617983
123,3.0,890.0,835.566666667,1.0,4.88,4.88,0.96,0.96,2.32,2.32,0.9225,0.9225,2.0,2.0,6.94354168469,72.3830807575,68.640112,67.15801887
124,3.0,933.0,922.7,1.0,4.64,4.64,0.96,0.96,1.21,1.21,0.8395,0.8395,3.0,3.0,12.4293743687,79.1724038461,83.509794,87.20188793
125,3.0,1020.0,934.366666667,0.0,4.72,4.72,0.96,0.96,1.37,1.37,0.8893,0.8893,3.0,3.0,16.5988623488,94.643341588,116.46825,98.17508365
126,3.0,1020.0,947.65,0.0,4.72,4.72,1.0,1.0,2.13,2.13,0.8316,0.8316,2.0,2.0,14.4230173602,92.2152575271,46.382561,71.05098187
127,3.0,1020.0,971.85,0.0,3.2,3.2,1.0,1.0,2.1,2.1,0.7879,0.7879,2.0,2.0,14.4230173602,94.8701756513,45.712631,94.63639961
128,3.0,1053.0,1026.23333333,1.0,4.86,4.86,0.96,0.96,2.44,2.44,0.8431,0.8431,2.0,2.0,10.8185974323,76.5607593245,67.207222,71.01660658
129,3.0,1039.0,1037.71666667,1.0,4.92,4.92,1.0,1.0,2.03,2.03,0.8858,0.8858,2.0,2.0,1.71753894006,75.2807691685,93.190761,82.16472182
130,4.0,660.0,643.383333333,0.0,4.92,4.92,1.0,1.0,2.13,2.13,0.827,0.827,0.0,0.0,3.05047899887,83.9814994809,90.588055,88.05169924
131,3.0,1088.0,1040.08333333,1.0,4.67,4.67,0.96,0.96,1.76,1.76,0.8255,0.8255,2.0,2.0,9.1397094259,75.1128146559,46.176237,63.95114188
132,3.0,1200.0,1209.7,0.0,4.86,4.86,0.96,0.96,3.0,3.0,0.875,0.875,2.0,2.0,8.52943046167,99.1279676068,133.743933,104.97687847
133,3.0,1140.0,1166.65,0.0,5.0,4.8,0.88,0.8,3.33,2.57,0.8947,0.8306,2.0,0.0,2.88047789549,88.2231498917,83.187095,107.87176775
134,3.0,1140.0,1070.05,0.0,4.84,4.84,0.96,0.96,2.23,2.23,0.8398,0.8398,2.0,2.0,15.784792088,94.2598579917,59.389455,83.67724784
135,3.0,1095.0,1076.56666667,1.0,4.92,4.92,1.0,1.0,2.4,2.4,0.8036,0.8036,2.0,2.0,2.33612091969,76.3166224486,72.636338,66.81725298
136,3.0,1143.0,1134.56666667,1.0,4.95,4.95,1.0,1.0,2.78,2.78,0.8892,0.8892,2.0,2.0,9.15143532287,76.7871885046,58.37135,70.1404395
137,3.0,1147.0,1133.03333333,1.0,5.0,5.0,1.0,1.0,2.4,2.4,0.8735,0.8735,2.0,2.0,17.0857774575,76.699111546,58.37135,67.76875129
138,3.0,1200.0,1146.7,0.0,4.79091872792,4.79091872792,1.0,1.0,2.37,2.37,0.851894680851,0.851894680851,0.0,0.0,14.7589596129,87.1882963887,71.690378,95.610052
139,3.0,1260.0,1197.3,0.0,4.92,4.92,1.0,1.0,1.76,1.76,0.8584,0.8584,3.0,3.0,18.0705945919,97.4480119772,123.919159,101.98436559
140,3.0,1206.0,1177.05,1.0,5.0,5.0,1.0,1.0,2.42,2.42,0.8423,0.8423,2.0,2.0,20.9529908693,76.9435204049,65.999953,69.9630521
141,3.0,1260.0,1199.98333333,0.0,4.89,4.89,0.96,0.96,4.14,4.14,0.7687,0.7687,0.0,0.0,4.14483945352,90.8140273246,42.958091,87.30476709
142,3.0,1260.0,1228.0,0.0,4.92,4.92,1.0,1.0,1.78,1.78,0.8326,0.8326,2.0,2.0,17.8493450312,95.872413971,100.422988,89.672765
143,3.0,1225.0,1217.95,1.0,5.0,5.0,1.0,1.0,2.4,2.4,0.8735,0.8735,2.0,2.0,18.3768017503,77.711075663,70.085958,79.59975794
144,3.0,1226.0,1193.01666667,1.0,4.92,4.92,1.0,1.0,2.2,2.2,0.8117,0.8117,2.0,2.0,8.82598991186,76.4395344356,37.666338,54.78748094
145,3.0,1320.0,1306.63333333,0.0,4.88,4.88,1.0,1.0,0.8,0.8,0.8521,0.8521,3.0,3.0,12.5850887875,99.3919940976,77.434659,119.8941622
146,3.0,1257.0,1249.8,1.0,4.84,4.84,0.96,0.96,2.33,2.33,0.8435,0.8435,2.0,2.0,12.4013976999,79.0765703237,104.593621,81.42039533
147,4.0,600.0,556.9,0.0,4.8,4.8,0.92,0.92,1.46,1.46,0.8454,0.8454,3.0,3.0,2.71522685478,94.2055649563,62.598137,84.4111033
148,3.0,1286.0,1278.38333333,1.0,4.8,4.8,0.88,0.88,1.6,1.6,0.8492,0.8492,3.0,3.0,5.42592491861,83.775336844,102.511988,82.99733579
149,3.0,1272.0,1276.5,1.0,4.86,4.86,0.96,0.96,2.44,2.44,0.8431,0.8431,2.0,2.0,2.69944501256,79.4449370327,83.134135,90.15322074
150,4.0,660.0,607.416666667,0.0,4.72,4.72,0.92,0.92,1.85,1.85,0.8168,0.8168,3.0,3.0,13.9889348173,95.571588976,120.467917,100.18717252
151,3.0,1316.0,1288.15,1.0,4.56,4.56,0.92,0.92,1.87,1.87,0.8819,0.8819,2.0,2.0,13.9889348173,78.5449616368,53.716553,74.28385006
152,3.0,1291.0,1362.43333333,1.0,4.5,4.5,1.0,1.0,1.47,1.47,0.8685,0.8685,3.0,3.0,8.02847032461,84.9805834952,171.546021,138.80299693
153,3.0,1293.0,1258.08333333,1.0,4.76,4.76,0.96,0.96,2.24,2.24,0.9148,0.9148,2.0,2.0,14.9298710805,76.8462919713,81.179988,71.15238291
154,3.0,1380.0,1340.58333333,0.0,4.9,4.9,1.0,1.0,3.05,3.05,0.8065,0.8065,0.0,0.0,15.1217928805,90.612367697,154.358918,120.49523598
155,4.0,660.0,617.716666667,0.0,4.84,4.84,0.96,0.96,2.47,2.47,0.9238,0.9238,2.0,2.0,10.3545721648,90.3719694096,74.053101,91.39426307
156,3.0,1398.0,1397.7,1.0,4.68,4.68,1.0,1.0,1.51,1.51,0.8321,0.8321,3.0,3.0,18.4470328167,82.7384006222,107.448966,90.64297669
157,4.0,660.0,591.866666667,0.0,4.84,4.84,0.88,0.88,1.75,1.27,0.8825,0.8681,3.0,3.0,12.9603390701,89.9775493532,54.280297,97.69327706
158,4.0,660.0,628.516666667,0.0,4.92,4.92,1.0,1.0,3.0,3.0,0.8497,0.8497,2.0,2.0,2.76636148919,91.1264797267,138.16295,94.936267
159,5.0,720.0,676.083333333,0.0,4.83,4.83,0.96,0.96,2.66,2.66,0.8323,0.8323,0.0,0.0,3.83639927003,83.6962955398,67.862127,94.37104101
160,4.0,960.0,894.116666667,0.0,4.52,4.52,1.0,1.0,1.3,1.3,0.8822,0.8822,3.0,3.0,13.3757879775,93.4029361798,87.873741,87.50499946
161,4.0,594.0,549.516666667,1.0,4.72,4.72,1.0,1.0,1.19,1.19,0.8504,0.8504,3.0,3.0,6.98020895097,72.4710253593,95.910308,65.47139223
162,4.0,668.0,672.216666667,1.0,4.92,4.92,0.72,0.72,1.6,1.6,0.8809,0.8809,0.0,0.0,6.0080214687,71.9042787416,107.596728,80.15029646
163,4.0,654.0,657.666666667,1.0,4.84,4.84,1.0,1.0,3.0,3.0,0.8715,0.8715,2.0,2.0,11.2629192133,73.8194345515,73.320503,89.91425506
164,4.0,720.0,671.6,0.0,4.79091872792,4.79091872792,0.952798316498,0.952798316498,2.37,2.37,0.851894680851,0.851894680851,1.0,1.0,9.69234450257,87.8584304963,128.872597,84.09546293
165,4.0,685.0,687.25,1.0,4.94,4.94,0.8,0.8,2.82,2.82,0.895,0.895,0.0,0.0,7.26657292662,71.045570979,61.52083,76.19409373
166,5.0,660.0,596.116666667,0.0,4.56,4.56,0.96,0.96,1.64,1.64,0.8864,0.8864,3.0,3.0,2.75081963789,91.3379440187,67.931059,90.36019537
167,4.0,723.0,688.983333333,1.0,4.5,4.5,0.84,0.84,1.81,1.81,0.7771,0.7771,0.0,0.0,15.1875114405,69.3945896107,85.855482,75.90481531
168,4.0,840.0,816.183333333,0.0,4.68,4.68,1.0,1.0,1.47,1.47,0.8827,0.8827,3.0,3.0,18.0534911772,95.2651867549,90.517291,108.4498237
169,4.0,734.0,765.883333333,1.0,4.79091872792,4.79091872792,0.6364,0.6364,2.37,2.37,0.851894680851,0.851894680851,1.0,1.0,17.6563625316,81.7243542566,101.319008,93.52458858
170,4.0,780.0,763.1,0.0,4.56,4.56,1.0,1.0,1.51,1.51,0.8982,0.8982,3.0,3.0,6.62369412585,94.5040826864,65.288815,94.74733659
171,4.0,759.0,757.2,1.0,4.68,4.68,0.72,0.72,2.57,2.57,0.8601,0.8601,0.0,0.0,7.03381373598,73.7545478699,77.105247,70.12387024
172,4.0,760.0,737.133333333,1.0,4.84,4.84,1.0,1.0,3.13,3.13,0.8584,0.8584,0.0,0.0,4.69483239545,65.7209375347,36.602969,66.83695794
173,4.0,840.0,746.8,0.0,4.68,4.68,0.96,0.96,1.5,1.5,0.8289,0.8289,3.0,3.0,18.2578881219,93.2139872923,104.328406,76.7827271
174,4.0,775.0,726.683333333,1.0,4.71,4.71,1.0,1.0,2.9,2.9,0.7722,0.7722,2.0,2.0,6.38574578621,72.8491704857,36.602969,65.63039138
175,4.0,776.0,759.183333333,1.0,5.0,5.0,0.92,0.92,2.53,2.53,0.7683,0.7683,2.0,2.0,10.1674553408,76.4187137597,92.853215,72.53563052
176,4.0,900.0,832.25,0.0,4.84,4.84,1.0,1.0,2.0,2.0,0.8333,0.8333,2.0,2.0,10.8694749532,90.3823147559,43.77146,80.67414125
177,4.0,836.0,790.483333333,1.0,4.8,4.84,0.96,0.88,1.42,1.27,0.8687,0.8681,3.0,3.0,5.74497065902,72.1857415534,50.762451,63.93672111
178,4.0,808.0,757.166666667,1.0,4.64,4.64,1.0,1.0,1.57,1.57,0.8606,0.8606,3.0,3.0,18.2374109875,74.5520198563,77.646905,63.48379793
179,5.0,720.0,669.9,0.0,4.84,4.84,0.76,0.76,2.8,2.8,0.7758,0.7758,0.0,0.0,9.19831518225,89.7973618425,128.872597,91.76281876
180,4.0,1020.0,988.75,0.0,4.79091872792,4.79091872792,1.0,1.0,2.37,2.37,0.851894680851,0.851894680851,0.0,0.0,3.46063040157,85.7227805773,72.335941,93.93618147
181,4.0,857.0,830.25,1.0,4.84,4.84,1.0,1.0,1.54,1.54,0.878,0.878,3.0,3.0,11.1702159048,75.5063821374,59.057524,72.36862888
182,4.0,834.0,833.133333333,1.0,4.8,4.8,0.96,0.96,1.9,1.9,0.8571,0.8571,3.0,3.0,2.96234278442,78.1182647566,82.665201,85.01969124
183,4.0,960.0,892.216666667,0.0,4.68,4.68,1.0,1.0,1.39,1.39,0.855,0.855,2.0,2.0,9.20047378574,89.8099906857,110.095147,87.23892506
184,4.0,856.0,843.35,1.0,4.72,4.72,1.0,1.0,1.87,1.87,0.8776,0.8776,3.0,3.0,1.10174798267,76.1871760254,71.230044,86.14049818
185,4.0,904.0,953.016666667,1.0,4.92,4.92,0.76,0.76,2.14,2.14,0.8135,0.8135,0.0,0.0,13.7816606817,77.0161159138,158.975723,105.82135315
186,4.0,875.0,836.683333333,1.0,4.52,4.52,1.0,1.0,1.95,1.95,0.7438,0.7438,3.0,3.0,10.3786581231,77.4363846739,42.081993,69.72003382
187,4.0,890.0,881.633333333,1.0,4.72,4.72,1.0,1.0,2.12,2.12,0.8759,0.8759,2.0,2.0,10.6482648961,73.8056464516,69.802604,73.61878271
188,4.0,960.0,956.433333333,0.0,4.48,4.48,1.0,1.0,1.71,1.71,0.8463,0.8463,3.0,3.0,17.6205577954,98.1063627537,60.865155,99.7644469
189,4.0,900.0,874.033333333,1.0,4.88,4.88,0.92,0.92,2.23,2.23,0.8567,0.8567,2.0,2.0,18.9880191133,75.7351808923,84.294054,74.63950436
190,4.0,1140.0,1102.1,0.0,4.68,4.68,1.0,1.0,1.52,1.52,0.8531,0.8531,3.0,3.0,2.75919694717,96.2715001754,41.823951,84.60095994
191,4.0,917.0,901.05,1.0,4.57,4.57,0.92,0.92,3.5,3.5,0.8548,0.8548,2.0,2.0,4.73800983028,77.2510715885,98.513589,78.52351463
192,4.0,1020.0,976.816666667,0.0,4.6,4.6,1.0,1.0,2.5,2.5,0.8521,0.8521,2.0,2.0,9.65767100279,92.9573989453,56.996921,88.44555751
193,4.0,960.0,964.133333333,0.0,4.68,4.8,1.0,0.8,1.51,2.57,0.8321,0.8306,3.0,0.0,17.3872587702,102.119977043,75.688982,91.5945533
194,4.0,1020.0,941.6,0.0,4.84,4.84,0.96,0.96,1.87,1.87,0.8028,0.8028,3.0,3.0,5.30137456527,95.3434142176,84.092345,83.03758923
195,4.0,974.0,1021.35,1.0,4.44,4.44,1.0,1.0,1.64,1.64,0.8787,0.8787,3.0,3.0,10.8404728856,80.7717240901,136.088086,104.427749104
196,4.0,1080.0,1059.81666667,0.0,4.9,4.9,1.0,1.0,3.31,3.31,0.7846,0.7846,0.0,0.0,8.29517261895,88.9687689112,129.022685,93.56799915
197,4.0,960.0,967.233333333,0.0,4.96,4.88,0.92,1.0,1.67,2.82,0.8036,0.8722,2.0,2.0,3.85740500497,114.447877262,108.245823,98.85076373
198,4.0,1008.0,996.383333333,1.0,4.8,4.8,0.84,0.84,1.47,1.47,0.8702,0.8702,0.0,0.0,11.7878851685,70.6726248874,64.245545,84.77474711
199,4.0,1020.0,1000.53333333,0.0,4.76,4.76,0.8,0.8,2.17,2.17,0.9161,0.9161,0.0,0.0,12.0573030961,90.9482625918,46.382561,72.18722522
200,4.0,1049.0,1063.45,1.0,4.92,4.92,1.0,1.0,1.89,1.89,0.8625,0.8625,3.0,3.0,10.731192965,79.732957528,128.295102,102.20354718
201,5.0,660.0,590.716666667,0.0,4.8,4.8,1.0,1.0,1.16,1.16,0.8299,0.8299,3.0,3.0,8.77912406016,90.4565497718,82.908189,99.23644013
202,4.0,1080.0,1029.3,0.0,4.84,4.84,1.0,1.0,1.58,1.58,0.8231,0.8231,3.0,3.0,2.84177637356,95.5432106512,86.573751,87.76333787
203,4.0,1080.0,1042.85,0.0,4.76,4.76,0.96,0.96,2.24,2.24,0.9148,0.9148,2.0,2.0,9.56743754013,93.5162211961,81.662793,88.30935311
204,4.0,1080.0,1072.08333333,1.0,4.78,4.78,0.9524,0.9524,3.17,3.17,0.8625,0.8625,2.0,2.0,8.33937614715,77.6330398134,86.167115,82.60886196
205,4.0,1055.0,1066.55,1.0,4.72,4.72,1.0,1.0,1.3,1.3,0.8936,0.8936,3.0,3.0,9.1549677155,78.529230219,105.999064,87.2480735
206,4.0,1140.0,1078.1,0.0,4.64,4.64,1.0,1.0,1.6,1.6,0.8625,0.8625,3.0,3.0,9.88568327703,95.2775575101,51.965913,82.26405202
207,4.0,1120.0,1101.98333333,1.0,4.44,4.44,1.0,1.0,1.64,1.64,0.8787,0.8787,3.0,3.0,18.0941706355,78.5256347427,86.64399,88.97876011
208,4.0,1156.0,1166.6,1.0,4.53,4.53,0.88,0.88,2.2,2.2,0.9261,0.9261,2.0,2.0,16.1615557584,79.6606794845,97.287083,88.47527962
209,4.0,1200.0,1214.51666667,0.0,4.92,4.92,1.0,1.0,2.25,2.25,0.8222,0.8222,2.0,2.0,6.47515790683,97.300436012,144.225759,107.4864974
210,4.0,1150.0,1170.01666667,1.0,4.72,4.72,1.0,1.0,1.55,1.55,0.826,0.826,3.0,3.0,16.9197263813,81.3206113159,97.287083,94.9180829
211,4.0,1154.0,1168.3,1.0,4.68,4.68,1.0,1.0,2.7,2.7,0.7631,0.7631,0.0,0.0,7.83409369771,71.7140099776,111.718525,91.90936797
212,4.0,1158.0,1128.05,1.0,4.76,4.76,1.0,1.0,1.89,1.89,0.8665,0.8665,3.0,3.0,22.1991921094,78.6429569009,49.692836,69.9130034
213,4.0,1200.0,1168.58333333,0.0,4.88,4.88,1.0,1.0,2.0,2.0,0.8455,0.8455,2.0,2.0,7.77769219662,94.203639378,80.308855,94.14557372
214,4.0,1166.0,1150.55,1.0,4.96,4.96,1.0,1.0,1.67,1.67,0.8921,0.8921,3.0,3.0,21.648311119,78.7857788354,103.353003,82.42882997
215,4.0,1320.0,1259.8,0.0,4.72,4.72,0.96,0.96,2.4,2.4,0.84,0.84,2.0,2.0,4.32371630808,94.9010086757,60.798999,77.29631833
216,4.0,1260.0,1225.58333333,0.0,4.96,4.96,1.0,1.0,1.67,1.67,0.8921,0.8921,3.0,3.0,25.0349040661,97.9887207498,122.640432,95.60296391
217,4.0,1229.0,1194.93333333,1.0,4.92,4.92,1.0,1.0,2.13,2.13,0.827,0.827,0.0,0.0,30.382322962,69.0812737851,37.666338,53.77243646
218,4.0,1260.0,1237.38333333,0.0,4.8,4.8,0.8,0.8,2.57,2.57,0.8306,0.8306,0.0,0.0,19.0412243857,94.4781211367,51.606579,100.39036922
219,4.0,1232.0,1189.66666667,1.0,5.0,5.0,1.0,1.0,1.57,1.57,0.8984,0.8984,3.0,3.0,24.3503341067,77.6707578673,59.085512,61.70260655
220,4.0,1260.0,1230.25,0.0,4.6,4.6,1.0,1.0,3.22,3.22,0.8291,0.8291,0.0,0.0,9.73158291777,89.2048506433,61.369776,90.93813883
221,4.0,1260.0,1234.85,0.0,4.92,4.92,1.0,1.0,2.2,2.2,0.8117,0.8117,2.0,2.0,5.66265353718,95.5494440774,128.115509,106.53013936
222,4.0,1210.0,1191.85,1.0,4.72,4.72,1.0,1.0,2.12,2.12,0.8759,0.8759,2.0,2.0,4.47869096259,75.2075328212,108.414646,75.81505531
223,4.0,660.0,1350.05,0.0,4.68,4.68,1.0,1.0,2.7,2.7,0.7631,0.7631,0.0,0.0,1.27114139827,125.205809924,125.907438,108.51967846
224,4.0,1260.0,1224.18333333,0.0,4.74,4.74,1.0,1.0,2.83,2.83,0.7773,0.7773,0.0,0.0,2.3796987099,88.7022454015,72.782681,82.60175037
225,5.0,600.0,575.066666667,0.0,4.84,4.84,0.88,0.88,1.43,1.43,0.8428,0.8428,3.0,3.0,13.4921564299,96.0010187395,130.393896,122.62794773
226,4.0,1250.0,1201.13333333,1.0,5.0,5.0,1.0,1.0,2.4,2.4,0.8735,0.8735,2.0,2.0,8.70776202419,74.2057060198,26.809265,52.20332658
227,4.0,1380.0,1288.11666667,0.0,4.88,4.88,1.0,1.0,1.55,1.55,0.9226,0.9226,3.0,3.0,15.8223596845,94.604083398,85.260666,90.81779032
228,4.0,1309.0,1300.6,1.0,4.88,4.88,1.0,1.0,1.26,1.26,0.8577,0.8577,3.0,3.0,12.6799010169,79.7886900211,105.285013,92.94363942
229,4.0,1320.0,1297.85,0.0,4.8,4.8,0.84,0.84,1.47,1.47,0.8702,0.8702,0.0,0.0,3.06615199003,91.2594038286,71.198961,98.12316506
230,5.0,660.0,594.383333333,0.0,4.8,4.8,1.0,1.0,2.13,2.13,0.8712,0.8712,2.0,2.0,4.79289195839,87.2792903814,75.104572,76.24585121
231,4.0,1334.0,1323.91666667,1.0,4.86,4.86,0.96,0.96,3.0,3.0,0.875,0.875,2.0,2.0,6.7060785994,78.6320048126,81.58335,78.51054492
232,4.0,0.0,1365.4,0.0,4.48,4.48,1.0,1.0,1.64,1.64,0.861,0.861,3.0,3.0,3.21155436079,167.079033397,87.09607,86.89353859
233,4.0,1350.0,1309.3,1.0,4.96,4.96,1.0,1.0,1.67,1.67,0.8921,0.8921,3.0,3.0,4.39816749059,77.7641653317,70.403137,63.22633073
234,4.0,1360.0,1306.76666667,1.0,5.0,5.0,1.0,1.0,1.3,1.3,0.8573,0.8573,3.0,3.0,6.93926436869,77.3243195288,66.317295,58.68649368
235,4.0,1377.0,1336.96666667,1.0,4.88,4.88,1.0,1.0,2.13,2.13,0.9028,0.9028,2.0,2.0,10.4662559198,75.0428521578,44.756851,66.87115629
236,5.0,600.0,527.733333333,0.0,4.68,4.68,1.0,1.0,1.39,1.39,0.855,0.855,2.0,2.0,13.3204011384,86.3903643178,107.561484,82.57125184
237,5.0,660.0,631.75,0.0,4.64,4.64,1.0,1.0,2.27,2.27,0.8805,0.8805,2.0,2.0,9.14539222802,89.7082910632,97.964917,99.70397949
238,5.0,588.0,564.1,1.0,4.92,4.92,1.0,1.0,2.4,2.4,0.8036,0.8036,2.0,2.0,1.90673141719,70.7308547892,79.271399,63.88543025
239,5.0,597.0,581.55,1.0,4.84,4.84,1.0,1.0,1.5,1.5,0.8466,0.8466,3.0,3.0,13.3160888817,73.9767891639,91.59322,81.8865958
240,5.0,639.0,609.85,1.0,5.0,5.0,1.0,1.0,2.5,2.5,0.8302,0.8302,2.0,2.0,5.27120775358,70.6773832663,62.540641,66.03179342
241,5.0,646.0,629.033333333,1.0,4.92,4.92,1.0,1.0,2.2,2.2,0.8117,0.8117,2.0,2.0,6.80665038327,71.4559515006,74.575652,75.45517752
242,5.0,720.0,670.333333333,0.0,4.96,4.96,0.96,0.96,1.5,1.5,0.8498,0.8498,2.0,2.0,3.25733928104,89.087817138,118.545254,102.97564308
243,5.0,1080.0,1108.01666667,0.0,5.0,4.44,0.88,0.8,2.07,2.4,0.8406,0.8526,2.0,0.0,1.94842219911,101.613723921,160.928737,102.83576533
244,5.0,720.0,658.8,0.0,4.88,4.88,0.96,0.96,2.2,2.2,0.8313,0.8313,2.0,2.0,8.33457291281,89.7867731664,53.613172,68.87387226
245,5.0,900.0,854.333333333,0.0,4.64,4.64,1.0,1.0,1.57,1.57,0.8606,0.8606,3.0,3.0,22.0205798197,94.2931315147,97.950961,74.26908635
246,5.0,780.0,704.866666667,0.0,4.72,4.72,0.96,0.96,1.5,1.5,0.8556,0.8556,3.0,3.0,10.4588269187,92.170468617,82.111968,103.21870195
247,5.0,780.0,728.566666667,0.0,4.8,4.8,1.0,1.0,1.16,1.16,0.8299,0.8299,3.0,3.0,14.3455476662,92.6078135268,83.680727,98.44570579
248,5.0,900.0,847.95,0.0,4.96,4.96,0.96,0.96,1.5,1.5,0.8498,0.8498,2.0,2.0,21.3915238205,91.1961305451,92.284018,108.11999401
249,5.0,780.0,742.433333333,0.0,4.72,4.72,1.0,1.0,1.55,1.55,0.826,0.826,3.0,3.0,20.674226091,94.2485336842,74.481922,81.22011906
250,5.0,730.0,728.833333333,1.0,4.84,4.84,0.96,0.96,1.86,1.86,0.8333,0.8333,3.0,3.0,22.3238148039,77.8344140803,80.851693,88.77305497
251,5.0,780.0,736.383333333,0.0,4.92,4.84,1.0,0.88,2.13,1.27,0.827,0.8681,0.0,3.0,17.012679023,78.0167898602,85.030728,81.09353602
252,5.0,722.0,737.566666667,1.0,4.96,4.96,0.84,0.84,1.33,1.33,0.8524,0.8524,0.0,0.0,8.02229502201,69.1586148255,114.033157,89.36057516
253,5.0,757.0,724.4,1.0,4.72,4.72,0.96,0.96,1.37,1.37,0.8893,0.8893,3.0,3.0,5.53161182892,74.0960133454,48.713221,65.23403817
254,5.0,780.0,769.066666667,0.0,4.5,4.5,0.84,0.84,1.81,1.81,0.7771,0.7771,0.0,0.0,9.27413565382,89.3786770896,128.494228,95.1049597
255,5.0,781.0,787.5,1.0,4.8,4.8,0.84,0.84,1.47,1.47,0.8702,0.8702,0.0,0.0,6.93816366264,68.9933554048,87.617617,89.03508285
256,5.0,782.0,754.383333333,1.0,4.88,4.88,1.0,1.0,1.92,1.92,0.8797,0.8797,3.0,3.0,3.15239686084,74.0561927951,93.171399,80.40108685
257,5.0,840.0,790.883333333,0.0,4.76,4.76,1.0,1.0,1.24,1.24,0.8571,0.8571,3.0,3.0,3.91278618396,92.3380219754,45.26664,91.89593786
258,5.0,900.0,858.5,0.0,4.8,4.8,1.0,1.0,2.41,2.41,0.9055,0.9055,2.0,2.0,12.3897932664,90.5741488764,101.517186,84.14046262
259,5.0,808.0,781.483333333,1.0,4.76,4.76,1.0,1.0,1.76,1.76,0.854,0.854,2.0,2.0,4.2503065042,70.9283775313,64.798083,73.08594726
260,5.0,1020.0,1012.13333333,0.0,4.64,4.64,0.88,0.88,2.0,2.0,0.8897,0.8897,3.0,3.0,14.9514247589,100.096475341,68.103874,103.79980693
261,5.0,900.0,857.45,0.0,4.64,4.64,0.68,0.68,3.24,3.24,0.8469,0.8469,0.0,0.0,1.91261151215,92.7894520983,45.747892,75.95696504
262,5.0,841.0,836.016666667,1.0,4.72,4.72,1.0,1.0,2.13,2.13,0.8316,0.8316,2.0,2.0,1.8954545196,72.9932164254,83.545505,79.44672163
263,5.0,960.0,930.633333333,0.0,4.96,4.96,0.96,0.96,1.38,1.38,0.8446,0.8446,3.0,3.0,5.15255281391,95.6479614052,88.722543,101.00457353
264,5.0,912.0,968.283333333,1.0,4.96,4.96,1.0,1.0,1.85,1.85,0.6825,0.6825,3.0,3.0,10.6201914175,82.7428023407,123.496689,112.4423632
265,5.0,1320.0,1240.96666667,0.0,5.0,5.0,1.0,1.0,1.67,1.67,0.7969,0.7969,3.0,3.0,8.41802982025,95.5261035857,87.90497,85.72306848
266,5.0,938.0,900.016666667,1.0,4.92,4.92,0.92,0.92,2.0,2.0,0.8559,0.8559,0.0,0.0,9.87637370747,66.4166404779,89.428064,72.61719181
267,5.0,925.0,886.216666667,1.0,4.88,4.88,0.92,0.92,2.38,2.38,0.9024,0.9024,2.0,2.0,13.4093342881,73.5995389279,55.865972,72.43056519
268,5.0,946.0,926.733333333,1.0,4.88,4.88,1.0,1.0,1.79,1.79,0.828,0.828,2.0,2.0,12.2315973475,73.0828911244,93.124531,74.4083701
269,5.0,950.0,935.833333333,1.0,4.88,4.88,1.0,1.0,2.82,2.82,0.8722,0.8722,2.0,2.0,9.29012125329,73.7682242726,82.026173,77.29612185
270,5.0,983.0,967.95,1.0,4.73,4.73,1.0,1.0,2.5,2.5,0.9,0.9,2.0,2.0,11.3911240955,73.3883580024,60.776044,72.90899947
271,5.0,1140.0,1090.51666667,0.0,4.88,4.88,1.0,1.0,2.0,2.0,0.8455,0.8455,2.0,2.0,1.12857117055,91.5865116078,83.952171,84.13393373
272,5.0,997.0,1004.1,1.0,4.92,4.92,1.0,1.0,1.71,1.71,0.8253,0.8253,3.0,3.0,13.3921522459,78.5898599031,70.307027,91.66879284
273,5.0,998.0,995.733333333,1.0,4.79,4.79,0.96,0.96,2.2,2.2,0.7821,0.7821,0.0,0.0,4.97837213396,68.8666638799,103.494436,79.60432219
274,5.0,1011.0,972.716666667,1.0,4.68,4.68,0.96,0.96,1.5,1.5,0.8289,0.8289,3.0,3.0,22.5400509795,77.4985868035,55.245776,57.89856706
275,5.0,1080.0,1080.73333333,0.0,4.68,4.68,0.96,0.96,1.89,1.89,0.9062,0.9062,3.0,3.0,13.9060046709,98.4902096894,53.789746,100.48526804
276,5.0,1140.0,1082.46666667,0.0,4.8,4.8,0.88,0.88,3.0,3.0,0.8378,0.8378,2.0,2.0,11.1595803811,96.0572998505,160.928737,77.33364211
277,5.0,1032.0,1058.98333333,1.0,4.88,4.88,0.92,0.92,2.0,2.0,0.8525,0.8525,3.0,3.0,2.79319753694,81.4410279026,128.295102,99.34312132
278,5.0,1080.0,1024.9,0.0,4.73,4.73,1.0,1.0,2.5,2.5,0.9,0.9,2.0,2.0,4.0460840976,90.8604660936,91.865265,79.82322178
279,5.0,1080.0,1077.45,0.0,4.96,4.96,1.0,1.0,1.85,1.85,0.6825,0.6825,3.0,3.0,4.60006021163,99.7360259819,141.557749,125.30487834
280,5.0,1140.0,1120.26666667,0.0,4.92,4.92,1.0,1.0,1.89,1.89,0.8625,0.8625,3.0,3.0,11.2991610778,97.0874783076,104.718845,102.85117155
281,5.0,1140.0,1093.15,0.0,4.84,4.84,0.96,0.96,2.18,2.18,0.9032,0.9032,2.0,2.0,16.8770331942,93.0210687899,61.745222,82.02826193
282,5.0,1140.0,1054.38333333,0.0,4.68,4.68,1.0,1.0,1.56,1.56,0.8564,0.8564,3.0,3.0,11.7781357832,93.245209358,104.718845,96.01256557
283,5.0,1088.0,1039.65,1.0,4.92,4.92,1.0,1.0,2.13,2.13,0.827,0.827,0.0,0.0,19.1278880852,65.8559395124,46.176237,54.82885304
284,5.0,1118.0,1073.4,1.0,4.84,4.84,1.0,1.0,1.54,1.54,0.8065,0.8065,3.0,3.0,11.2368297142,76.5470206588,61.585341,63.10998847
285,5.0,1115.0,1127.0,1.0,4.88,4.88,0.96,0.96,1.7,1.7,0.8479,0.8479,3.0,3.0,21.6448632783,80.8761005545,93.746367,96.82089822
286,5.0,1128.0,1123.21666667,1.0,4.88,4.88,0.92,0.92,2.38,2.38,0.9024,0.9024,2.0,2.0,4.45756699228,76.4791562281,97.67225,91.85237732
287,5.0,1131.0,1108.33333333,1.0,4.92,4.92,1.0,1.0,1.69,1.69,0.8519,0.8519,3.0,3.0,13.0071422684,77.4561978318,97.564537,78.59650748
288,5.0,1135.0,1110.26666667,1.0,4.76,4.76,1.0,1.0,1.89,1.89,0.8665,0.8665,3.0,3.0,6.45366722122,77.1144359897,64.421909,69.1195002
289,6.0,780.0,728.033333333,0.0,4.76,4.76,1.0,1.0,1.81,1.81,0.8473,0.8473,3.0,3.0,8.23087200299,91.9289175945,82.597856,104.24516749
290,5.0,1320.0,1221.83333333,0.0,4.64,4.64,1.0,1.0,1.6,1.6,0.8625,0.8625,3.0,3.0,10.2768549652,93.7201577529,133.427722,77.6386815
291,5.0,1320.0,1258.46666667,0.0,4.68,4.68,0.92,0.92,2.0,2.0,0.8504,0.8504,3.0,3.0,10.2768549652,98.4611635063,111.887583,77.69536315
292,5.0,1260.0,1263.4,0.0,4.48,4.48,1.0,1.0,1.71,1.71,0.8463,0.8463,3.0,3.0,11.3154866814,99.4755881996,59.301464,118.06788078
293,5.0,1205.0,1174.98333333,1.0,4.68,4.68,0.92,0.92,2.0,2.0,0.8504,0.8504,3.0,3.0,8.61003889275,79.9044060216,66.217665,64.53725102
294,5.0,1260.0,1189.48333333,0.0,4.76,4.76,1.0,1.0,1.89,1.89,0.8665,0.8665,3.0,3.0,5.50449937158,94.8028476001,78.952448,82.45528472
295,5.0,1212.0,1216.3,1.0,4.84,4.84,0.92,0.92,1.71,1.71,0.7438,0.7438,0.0,0.0,9.20981571289,71.9954541622,108.215144,91.81286965
296,5.0,1231.0,1232.86666667,1.0,4.6,4.6,1.0,1.0,2.5,2.5,0.8521,0.8521,2.0,2.0,11.9432643274,76.867049196,68.581979,75.82679332
297,5.0,1240.0,1204.05,1.0,4.9,4.9,1.0,1.0,2.1,2.1,0.7222,0.7222,0.0,0.0,9.94471526213,68.5962166886,67.311854,66.85069068
298,5.0,1245.0,1234.63333333,1.0,4.72,4.72,0.96,0.96,2.4,2.4,0.84,0.84,2.0,2.0,10.3677930887,77.2423671869,81.06914,72.16351112
299,5.0,1249.0,1235.31666667,1.0,4.88,4.88,0.92,0.92,2.38,2.38,0.9024,0.9024,2.0,2.0,10.3547805128,77.1533035746,101.977687,74.57478968
300,5.0,1249.0,1196.9,1.0,4.68,4.68,0.96,0.96,1.5,1.5,0.8289,0.8289,3.0,3.0,11.6534579982,77.8403976918,45.818797,59.30969114
301,5.0,1294.0,1308.66666667,1.0,4.76,4.76,0.96,0.96,1.67,1.67,0.847,0.847,3.0,3.0,18.8158316951,82.1859047103,106.339989,106.10106513
302,6.0,660.0,602.833333333,0.0,5.0,5.0,0.84,0.84,2.6,2.6,0.8841,0.8841,0.0,0.0,3.42212097515,83.9365076612,66.396413,88.81715374
303,5.0,1371.0,1366.23333333,1.0,4.84,4.84,0.96,0.96,1.87,1.87,0.8028,0.8028,3.0,3.0,7.87886710625,81.8698349757,62.035139,79.76853747
304,5.0,1380.0,1361.41666667,0.0,4.92,4.92,0.76,0.76,2.14,2.14,0.8135,0.8135,0.0,0.0,21.2038326468,95.5984480528,163.410974,133.04369639
305,6.0,780.0,753.3,0.0,4.71,4.96,0.8,0.84,2.52,1.43,0.8386,0.8444,0.0,0.0,11.4390691449,84.78507284,114.949225,101.10727286
306,6.0,600.0,576.916666667,0.0,5.0,5.0,1.0,1.0,1.57,1.57,0.8984,0.8984,3.0,3.0,16.4930622999,91.6083908112,51.080363,107.51391226
307,5.0,1373.0,1339.1,1.0,4.64,4.64,1.0,1.0,1.29,1.29,0.8589,0.8589,3.0,3.0,4.14488276173,77.6666190412,28.353314,58.73720351
308,5.0,1380.0,1343.58333333,0.0,4.72,4.72,0.96,0.96,1.37,1.37,0.8893,0.8893,3.0,3.0,20.0430708394,98.5046817854,162.186129,110.30957853
309,6.0,720.0,673.45,0.0,4.96,4.96,0.92,0.92,1.55,1.55,0.8586,0.8586,3.0,3.0,11.9170892769,93.5461614492,128.226546,102.919426
310,5.0,1415.0,1410.9,1.0,4.92,4.92,0.84,0.84,1.81,1.81,0.8657,0.8657,0.0,0.0,17.5567410899,73.8596109852,72.611358,70.97744797
311,5.0,1428.0,1405.88333333,1.0,5.0,5.0,0.88,0.88,2.07,2.07,0.8406,0.8406,2.0,2.0,17.5567410899,79.8459904429,72.611358,70.52092068
312,6.0,840.0,801.633333333,0.0,5.0,5.0,0.96,0.96,3.5,3.5,0.8158,0.8158,0.0,0.0,8.4075164339,85.3684421034,98.430727,95.86340308
313,6.0,600.0,557.683333333,0.0,4.72,4.72,1.0,1.0,1.55,1.55,0.826,0.826,3.0,3.0,11.5641970385,91.3943862046,130.393896,101.88404372
314,6.0,840.0,782.866666667,0.0,4.92,4.92,1.0,1.0,3.0,3.0,0.8156,0.8156,2.0,2.0,4.08571308489,89.8699800655,38.36208,76.69626174
315,6.0,574.0,536.666666667,1.0,4.88,4.88,1.0,1.0,1.43,1.43,0.9013,0.9013,3.0,3.0,8.56004326398,70.6436358084,53.392006,75.77063356
316,6.0,609.0,597.466666667,1.0,4.72,4.72,0.96,0.96,1.55,1.55,0.8887,0.8887,3.0,3.0,15.1841065614,74.1220205554,95.910308,82.57782943
317,6.0,610.0,606.85,1.0,4.76,4.96,0.96,0.84,1.61,1.43,0.8762,0.8444,3.0,0.0,6.78764954972,69.2309799807,114.367828,86.23023058
318,6.0,720.0,646.4,0.0,4.76,4.76,0.92,0.92,1.47,1.47,0.9529,0.9529,3.0,3.0,5.48066315761,90.3665306855,54.666849,116.3328033
319,6.0,720.0,667.116666667,0.0,4.72,4.72,0.96,0.96,2.83,2.83,0.8878,0.8878,2.0,2.0,6.34899125845,89.3082795514,96.716265,93.77168737
320,6.0,720.0,710.366666667,0.0,4.92,4.92,0.92,0.92,1.64,1.64,0.8692,0.8692,3.0,3.0,6.46227784744,95.2998393004,54.60447,98.5534149
321,6.0,675.0,664.95,1.0,4.81,4.81,1.0,1.0,2.76,2.76,0.9048,0.9048,2.0,2.0,5.15732832946,70.5073026718,73.320503,73.35556782
322,6.0,714.0,694.883333333,1.0,4.84,4.84,1.0,1.0,1.39,1.39,0.8812,0.8812,3.0,3.0,14.8172093381,73.2511648468,99.355323,80.40523987
323,6.0,720.0,639.916666667,0.0,4.8,4.8,1.0,1.0,2.13,2.13,0.8712,0.8712,2.0,2.0,5.58562281939,86.1127829955,68.781225,73.74808751
324,6.0,725.0,676.283333333,1.0,4.84,4.84,1.0,1.0,1.1,1.1,0.8574,0.8574,3.0,3.0,7.50242129499,71.2915313727,103.110469,69.81096806
325,6.0,780.0,780.166666667,0.0,4.44,4.44,0.88,0.88,1.63,1.63,0.8674,0.8674,3.0,3.0,10.5519999087,97.7777598199,87.856369,110.45758844
326,6.0,780.0,721.65,0.0,4.88,4.88,0.92,0.92,2.23,2.23,0.8567,0.8567,2.0,2.0,12.5237760387,90.4926769039,113.072647,79.33312055
327,6.0,780.0,733.4,0.0,4.8,4.8,1.0,1.0,1.22,1.22,0.8856,0.8856,3.0,3.0,11.9457331743,91.2127199012,111.630263,103.57669234
328,6.0,780.0,753.233333333,0.0,4.96,4.96,0.84,0.84,1.33,1.33,0.8524,0.8524,0.0,0.0,14.8032271095,86.1498336062,111.723906,112.6488748
329,6.0,797.0,739.216666667,1.0,4.48,4.48,0.96,0.96,1.55,1.55,0.9081,0.9081,3.0,3.0,4.39483295557,72.1326249823,81.673192,66.53096631
330,6.0,781.0,768.6,1.0,4.4,4.4,0.96,0.96,2.6,2.6,0.8649,0.8649,0.0,0.0,1.41559107462,65.206559151,90.893137,81.85206672
331,6.0,794.0,763.05,1.0,4.52,4.52,1.0,1.0,1.3,1.3,0.8822,0.8822,3.0,3.0,5.27828088425,72.6873159626,69.339673,68.34271054
332,6.0,801.0,781.166666667,1.0,4.81,4.81,1.0,1.0,2.76,2.76,0.9048,0.9048,2.0,2.0,5.8573345816,70.8921058729,40.42653,70.12666505
333,6.0,900.0,825.45,0.0,4.56,4.56,1.0,1.0,1.72,1.72,0.8761,0.8761,3.0,3.0,8.55092398793,91.121495567,83.979752,90.07415284
334,6.0,882.0,866.066666667,1.0,4.92,4.92,1.0,1.0,2.0,2.0,0.8595,0.8595,3.0,3.0,17.7821705681,75.7297273254,84.774094,81.02909062
335,6.0,880.0,895.8,1.0,4.92,4.92,1.0,1.0,1.58,1.58,0.851,0.851,3.0,3.0,5.84697819044,76.5162347245,98.778862,96.74418023
336,6.0,880.0,872.15,1.0,4.95,4.95,1.0,1.0,2.78,2.78,0.8892,0.8892,2.0,2.0,1.38395849325,72.0658067009,84.109392,81.06747419
337,6.0,892.0,873.366666667,1.0,4.96,4.96,1.0,1.0,2.17,2.17,0.8886,0.8886,2.0,2.0,7.64320706445,71.201618992,96.234034,73.69811379
338,6.0,918.0,892.833333333,1.0,4.84,4.84,1.0,1.0,3.13,3.13,0.8584,0.8584,0.0,0.0,16.5649139335,65.6985216994,90.802473,72.47167456
339,6.0,923.0,930.15,1.0,4.6,4.6,0.76,0.76,1.77,1.77,0.8685,0.8685,0.0,0.0,7.85839018756,71.8058460218,115.773345,83.75690297
340,6.0,928.0,916.266666667,1.0,4.74,4.74,1.0,1.0,2.83,2.83,0.7773,0.7773,0.0,0.0,9.48076592258,67.0010093238,115.773345,81.22945752
341,6.0,960.0,944.116666667,0.0,4.48,4.48,1.0,1.0,1.64,1.64,0.861,0.861,3.0,3.0,3.63272612488,94.7423582386,87.987997,86.60506617
342,6.0,943.0,952.0,1.0,4.48,4.48,0.96,0.96,1.55,1.55,0.9081,0.9081,3.0,3.0,8.76742710565,77.1528720159,101.760071,83.38201407
343,6.0,969.0,939.75,1.0,4.92,4.92,1.0,1.0,2.27,2.27,0.9164,0.9164,2.0,2.0,5.71701632611,70.7912871054,60.669089,65.17333681
344,6.0,1020.0,995.416666667,0.0,4.92,4.92,1.0,1.0,1.64,1.64,0.8213,0.8213,3.0,3.0,11.0212350569,95.4231812182,154.502015,118.74924212
345,6.0,1140.0,1093.33333333,0.0,4.72,4.72,0.92,0.92,1.88,1.88,0.8462,0.8462,2.0,2.0,1.25036365509,92.9470251193,83.952171,80.36333349
346,6.0,988.0,977.7,1.0,4.88,4.88,0.92,0.92,2.23,2.23,0.8567,0.8567,2.0,2.0,14.9069530211,75.3780251278,62.646124,72.03942455
347,6.0,1080.0,1015.53333333,0.0,4.84,4.84,1.0,1.0,2.0,2.0,0.8333,0.8333,2.0,2.0,11.9271692532,90.2571243949,85.824259,70.62415474
348,6.0,996.0,967.416666667,1.0,4.88,4.88,0.96,0.96,2.27,2.27,0.8601,0.8601,2.0,2.0,6.83284350832,72.9337691663,62.646124,64.72187756
349,6.0,1020.0,1003.13333333,0.0,4.44,4.44,1.0,1.0,1.64,1.64,0.8787,0.8787,3.0,3.0,9.98053459117,95.2207012324,34.097096,111.0647349
350,6.0,1080.0,1015.18333333,0.0,4.92,4.92,1.0,1.0,2.13,2.13,0.827,0.827,0.0,0.0,3.87948753578,82.6623828465,58.114547,76.3996019
351,6.0,1080.0,1049.58333333,0.0,4.48,4.48,0.96,0.96,1.4,1.4,0.878,0.878,3.0,3.0,8.66543824397,95.5848688959,34.097096,87.24697547
352,6.0,1009.0,1000.41666667,1.0,4.96,4.96,0.88,0.88,1.67,1.67,0.8981,0.8981,3.0,3.0,5.12617076538,78.5784348898,54.031847,78.70894251
353,6.0,1025.0,1069.83333333,1.0,4.92,4.92,1.0,1.0,2.0,2.0,0.8595,0.8595,3.0,3.0,13.1630779408,79.9144614648,128.295102,99.79994955
354,6.0,1020.0,1007.53333333,0.0,4.72,4.72,1.0,1.0,2.13,2.13,0.8316,0.8316,2.0,2.0,16.7257476907,93.2287529016,57.01105,70.63556025
355,6.0,1080.0,1032.81666667,0.0,4.76,4.76,0.92,0.92,1.47,1.47,0.9529,0.9529,3.0,3.0,5.56911924627,94.4170037212,59.102551,131.06718148
356,6.0,1030.0,1016.48333333,1.0,4.92,4.92,0.84,0.84,1.71,1.71,0.8596,0.8596,0.0,0.0,14.0261739459,69.5540458002,85.197089,82.92502807
357,6.0,1040.0,1005.15,1.0,4.88,4.88,1.0,1.0,2.0,2.0,0.7806,0.7806,3.0,3.0,5.94002840605,76.2926094156,57.254651,61.58764813
358,6.0,1140.0,1088.58333333,0.0,4.76,4.76,0.96,0.96,1.67,1.67,0.8347,0.8347,3.0,3.0,15.1177947088,95.9522779299,66.365388,92.59000918
359,6.0,1080.0,1050.75,0.0,4.92,4.92,0.76,0.76,2.14,2.14,0.8135,0.8135,0.0,0.0,3.86744789004,91.122058354,58.114547,105.44346848
360,6.0,1095.0,1075.73333333,1.0,4.96,4.96,0.96,0.96,1.74,1.74,0.8408,0.8408,3.0,3.0,4.90193485145,77.3745596217,72.636338,82.61366391
361,6.0,1066.0,1050.33333333,1.0,5.0,5.0,1.0,1.0,2.43,2.43,0.8652,0.8652,2.0,2.0,7.74306356128,73.2117439283,73.070598,69.44666832
362,6.0,1200.0,1120.73333333,0.0,4.84,4.84,0.96,0.96,2.33,2.33,0.8435,0.8435,2.0,2.0,13.6760304956,91.6412422762,51.660153,80.29211689
363,6.0,1111.0,1095.51666667,1.0,4.72,4.72,1.0,1.0,2.0,2.0,0.7469,0.7469,0.0,0.0,10.4624630864,67.6571505739,74.6282,64.97654364
364,6.0,1140.0,1114.38333333,0.0,4.76,4.76,1.0,1.0,1.93,1.93,0.8472,0.8472,2.0,2.0,9.64069660546,92.5085382065,80.781926,79.33380534
365,0.0,660.0,601.45,0.0,4.84,4.84,0.96,0.96,2.23,2.23,0.8398,0.8398,2.0,2.0,14.5607355324,93.8884111578,94.995643,92.41728444
366,6.0,1146.0,1163.66666667,1.0,4.92,4.92,1.0,1.0,1.64,1.64,0.8213,0.8213,3.0,3.0,17.774934111,79.6307282441,97.287083,97.94886163
367,6.0,1200.0,1134.43333333,0.0,4.76,4.76,0.96,0.96,1.67,1.67,0.847,0.847,3.0,3.0,2.09121528533,94.7220312098,90.385773,90.75770573
368,6.0,1159.0,1135.51666667,1.0,4.68,4.68,0.92,0.92,2.0,2.0,0.8781,0.8781,3.0,3.0,2.26154971345,78.3946945075,99.856667,74.93600603
369,6.0,1210.0,1172.91666667,1.0,4.88,4.88,0.96,0.96,1.7,1.7,0.8479,0.8479,3.0,3.0,3.38064165388,77.0057157398,54.071793,64.61213471
370,6.0,1177.0,1166.51666667,1.0,4.72,4.72,1.0,1.0,2.13,2.13,0.8316,0.8316,2.0,2.0,6.73253740529,74.5091389636,75.376733,74.04762902
371,6.0,1233.0,1283.91666667,1.0,4.76,4.76,0.96,0.96,1.67,1.67,0.8347,0.8347,3.0,3.0,0.623588857183,82.1723104503,156.402882,113.28080452
372,6.0,1320.0,1295.48333333,0.0,4.96,4.96,1.0,1.0,1.85,1.85,0.6825,0.6825,3.0,3.0,5.41264317697,99.4308859976,188.94256,119.01922763
373,6.0,1320.0,1276.85,0.0,4.92,4.92,0.92,0.92,1.83,1.83,0.8885,0.8885,3.0,3.0,21.9521059412,98.4505461432,64.47371,94.99855018
374,6.0,1254.0,1222.66666667,1.0,5.0,5.0,1.0,1.0,2.43,2.43,0.8652,0.8652,2.0,2.0,3.16160380538,73.4278032584,49.588478,60.60719966
375,6.0,1297.0,1275.26666667,1.0,4.76,4.76,0.96,0.96,1.82,1.82,0.8883,0.8883,3.0,3.0,3.16160380538,78.097696306,74.380949,65.79121485
376,6.0,1271.0,1250.86666667,1.0,4.92,4.92,1.0,1.0,1.48,1.48,0.8528,0.8528,3.0,3.0,14.1592554744,77.5860224352,64.656873,80.99013177
377,6.0,1275.0,1286.83333333,1.0,4.72,4.72,1.0,1.0,2.12,2.12,0.8759,0.8759,2.0,2.0,9.59071015321,75.9774399817,128.604567,95.31074946
378,6.0,1277.0,1301.95,1.0,4.8,4.8,0.8333,0.8333,2.37,2.37,0.851894680851,0.851894680851,2.0,2.0,1.42786027804,81.2237432682,100.439521,110.06569108
379,6.0,1320.0,1292.85,0.0,5.0,5.0,0.96,0.96,3.5,3.5,0.8158,0.8158,0.0,0.0,3.14616678257,89.136393513,112.046784,103.33477731
380,6.0,1380.0,1434.56666667,0.0,4.81,4.81,1.0,1.0,2.88,2.88,0.7959,0.7959,2.0,2.0,5.29720347884,100.244101703,144.321454,153.38398468
381,6.0,1380.0,1339.68333333,0.0,4.92,4.92,0.84,0.84,1.81,1.81,0.8657,0.8657,0.0,0.0,9.45436001612,89.7436670917,94.943004,108.82126557
382,0.0,720.0,679.85,0.0,4.72,4.72,1.0,1.0,1.28,1.28,0.8933,0.8933,3.0,3.0,8.25880958605,95.8894576582,138.05604,100.33510625
383,6.0,1348.0,1306.43333333,1.0,4.68,4.68,0.92,0.92,2.0,2.0,0.8504,0.8504,3.0,3.0,6.47197169416,79.3372228386,41.582213,56.24379587
384,6.0,1357.0,1318.31666667,1.0,4.88,4.88,1.0,1.0,2.13,2.13,0.9028,0.9028,2.0,2.0,7.29325783674,73.1612378199,53.7023,57.10939789
385,6.0,1393.0,1345.18333333,1.0,4.8,4.8,0.96,0.96,1.45,1.45,0.8459,0.8459,3.0,3.0,10.8731783199,77.8900793275,40.063758,67.4956667
386,0.0,660.0,627.583333333,0.0,5.0,5.0,1.0,1.0,1.3,1.3,0.8573,0.8573,3.0,3.0,7.25578680622,96.239653565,56.169033,97.45413146
387,0.0,600.0,541.816666667,0.0,4.84,4.84,0.96,0.96,2.38,2.38,0.8318,0.8318,2.0,2.0,7.59508663723,93.3923539503,62.496618,75.87937807
388,0.0,587.0,572.6,1.0,4.72,4.72,1.0,1.0,2.0,2.0,0.7469,0.7469,0.0,0.0,6.02497436423,68.6934368501,47.804652,61.55242767
389,0.0,594.0,569.383333333,1.0,4.6,4.6,1.0,1.0,1.19,1.19,0.8993,0.8993,3.0,3.0,15.3644026811,76.6937682149,69.073757,64.92316394
390,0.0,720.0,660.783333333,0.0,4.6,4.6,0.76,0.76,1.77,1.77,0.8685,0.8685,0.0,0.0,11.6788166697,91.1972235925,98.244972,100.78708377
391,0.0,600.0,621.45,0.0,4.88,4.88,1.0,1.0,1.26,1.26,0.8577,0.8577,3.0,3.0,14.0733409603,99.2041469198,56.169033,109.56437109
392,0.0,660.0,621.016666667,0.0,4.8,4.8,1.0,1.0,1.86,1.86,0.8091,0.8091,3.0,3.0,8.26220154311,97.3196397047,118.793202,82.80252296
393,0.0,660.0,679.633333333,0.0,4.84,4.84,1.0,1.0,1.68,1.68,0.8717,0.8717,3.0,3.0,10.3291035957,99.6209208513,102.206641,106.10718639
394,0.0,689.0,666.533333333,1.0,4.75,4.75,1.0,1.0,2.64,2.64,0.8571,0.8571,2.0,2.0,10.936421955,75.7216660678,53.236104,63.90785531
395,0.0,780.0,782.333333333,0.0,4.84,4.84,1.0,1.0,1.54,1.54,0.878,0.878,3.0,3.0,2.01305378461,98.8188615287,105.29109,93.00371766
396,0.0,780.0,756.05,0.0,4.84,4.84,0.88,0.88,1.43,1.43,0.8428,0.8428,3.0,3.0,7.14000929032,101.118370494,68.29959,94.39404321
397,0.0,780.0,700.416666667,0.0,4.76,4.76,1.0,1.0,1.89,1.89,0.8665,0.8665,3.0,3.0,1.75896466883,94.7957279425,176.746588,100.44545554
398,0.0,769.0,756.733333333,1.0,4.72,4.72,0.96,0.96,1.55,1.55,0.8887,0.8887,3.0,3.0,3.93983520615,79.5649020026,104.205072,82.1223071
399,0.0,900.0,810.316666667,0.0,4.52,4.52,0.8,0.8,1.75,1.75,0.9137,0.9137,0.0,0.0,9.74347107944,89.0021037165,102.183013,95.95688912
400,0.0,801.0,788.7,1.0,4.88,4.88,0.92,0.92,2.23,2.23,0.8567,0.8567,2.0,2.0,9.54870588543,78.5914389892,75.504437,77.01400448
401,0.0,847.0,851.433333333,1.0,4.92,4.92,0.96,0.96,1.96,1.96,0.8199,0.8199,3.0,3.0,9.08104226495,82.6594341775,111.391029,85.72545657
402,0.0,900.0,827.266666667,0.0,4.8,4.8,0.96,0.96,1.85,1.85,0.8801,0.8801,3.0,3.0,15.6227347843,97.5583292818,99.269759,80.57523449
403,0.0,827.0,806.216666667,1.0,4.96,4.96,0.96,0.96,2.67,2.67,0.7866,0.7866,0.0,0.0,2.20485675358,70.9605227154,89.907053,73.92186539
404,0.0,960.0,919.2,0.0,4.72,4.72,1.0,1.0,1.55,1.55,0.826,0.826,3.0,3.0,6.47512010643,98.7134291778,71.910812,89.32209285
405,0.0,960.0,905.433333333,0.0,5.0,5.0,1.0,1.0,1.57,1.57,0.8984,0.8984,3.0,3.0,21.0489577943,97.5857834504,67.406188,86.19102528
406,0.0,960.0,952.466666667,0.0,4.88,4.88,1.0,1.0,1.26,1.26,0.8577,0.8577,3.0,3.0,7.8821093463,99.8117357566,112.037305,105.40779032
407,0.0,884.0,861.383333333,1.0,4.92,4.92,1.0,1.0,2.0,2.0,0.8595,0.8595,3.0,3.0,7.74845211371,79.7779491453,111.231325,79.58064559
408,0.0,1020.0,965.016666667,0.0,4.96,4.96,1.0,1.0,1.63,1.63,0.9048,0.9048,3.0,3.0,8.32438310537,97.311115174,85.486404,92.53328159
409,0.0,893.0,867.733333333,1.0,4.92,4.92,0.96,0.96,2.19,2.19,0.8333,0.8333,2.0,2.0,11.8408088719,77.8614638077,60.031554,73.12931428
410,0.0,896.0,881.05,1.0,5.0,5.0,1.0,1.0,1.3,1.3,0.8573,0.8573,3.0,3.0,5.4097993426,79.3832999487,58.628747,85.1542037
411,0.0,960.0,954.0,0.0,4.68,4.68,0.92,0.92,2.0,2.0,0.8781,0.8781,3.0,3.0,8.46853705847,102.648373428,88.4642,95.01794189
412,0.0,947.0,925.65,1.0,4.64,4.64,0.96,0.96,2.33,2.33,0.8528,0.8528,2.0,2.0,7.84784516868,78.268006399,56.963563,66.09986535
413,0.0,946.0,967.316666667,1.0,4.8,4.8,0.96,0.96,1.48,1.48,0.8606,0.8606,3.0,3.0,6.29695077616,83.114384469,145.996775,101.84875635
414,0.0,956.0,898.116666667,1.0,4.76,4.76,0.96,0.96,1.67,1.67,0.847,0.847,3.0,3.0,17.0719626467,79.7317007057,56.255653,62.17286809
415,1.0,720.0,668.833333333,0.0,4.64,4.64,0.96,0.96,2.33,2.33,0.8528,0.8528,2.0,2.0,8.88035081727,93.6285318931,92.078226,87.29944636
416,0.0,1140.0,1125.41666667,0.0,4.72,4.72,0.92,0.92,1.88,1.88,0.8462,0.8462,2.0,2.0,10.5437466215,100.181337996,188.063569,100.72829527
417,0.0,1320.0,1251.23333333,0.0,4.79,4.79,0.96,0.96,2.04,2.04,0.8508,0.8508,2.0,2.0,7.99704760332,97.3227608624,42.868505,76.43614758
418,0.0,1033.0,1015.9,1.0,4.72,4.72,1.0,1.0,1.55,1.55,0.826,0.826,3.0,3.0,14.399688213,81.5643087188,87.235318,75.09570618
419,0.0,1033.0,1027.36666667,1.0,4.95,4.95,0.96,0.96,4.18,4.18,0.8684,0.8684,0.0,0.0,14.5990702495,74.4716379895,66.752404,79.64313471
420,0.0,1080.0,1010.33333333,0.0,4.72,4.72,0.96,0.96,1.3,1.3,0.8544,0.8544,3.0,3.0,8.79055191392,98.4359678784,96.938657,101.63135621
421,0.0,1041.0,1070.21666667,1.0,4.92,4.92,0.92,0.92,1.47,1.47,0.8329,0.8329,3.0,3.0,9.23343822909,85.7551283251,128.295102,98.82711403
422,0.0,1200.0,1140.86666667,0.0,4.92,4.92,1.0,1.0,1.48,1.48,0.8528,0.8528,3.0,3.0,7.03228895115,98.8734611071,60.075012,93.3614272
423,0.0,1080.0,1030.3,0.0,4.84,4.84,1.0,1.0,1.1,1.1,0.8574,0.8574,3.0,3.0,14.6419185711,98.5016571399,112.037305,94.18353868
424,0.0,1097.0,1070.36666667,1.0,4.48,4.48,0.96,0.96,1.55,1.55,0.9081,0.9081,3.0,3.0,9.85022461902,81.2468205994,78.481352,66.8437105
425,0.0,1098.0,1090.21666667,1.0,4.94,4.84,0.96,1.0,3.09,1.5,0.8129,0.8599,0.0,3.0,8.44431789143,69.6934323085,77.242158,83.49570796
426,0.0,1070.0,1069.06666667,1.0,4.84,4.84,0.88,0.88,1.73,1.73,0.8385,0.8385,2.0,2.0,8.47822593264,81.8491356648,90.468676,83.72991652
427,0.0,1091.0,1090.46666667,1.0,5.0,5.0,0.9565,0.9565,3.6,3.6,0.8533,0.8533,2.0,2.0,17.4796025274,82.3016874513,77.242158,70.62090299
428,1.0,660.0,650.916666667,0.0,4.68,4.68,0.96,0.96,1.89,1.89,0.9062,0.9062,3.0,3.0,1.59323518397,97.5907552088,225.833723,124.64370549
429,1.0,660.0,632.933333333,0.0,4.84,4.84,1.0,1.0,1.68,1.68,0.8717,0.8717,3.0,3.0,5.01526385403,95.8941675862,140.677447,120.39515528
430,0.0,1154.0,1154.86666667,1.0,4.72,4.72,1.0,1.0,1.55,1.55,0.826,0.826,3.0,3.0,7.06697463033,83.0458474334,93.168023,85.47957888
431,0.0,1160.0,1145.78333333,1.0,4.84,4.84,1.0,1.0,1.58,1.58,0.8231,0.8231,3.0,3.0,7.06697463033,82.2594429241,93.168023,84.7502177
432,0.0,1200.0,1138.96666667,0.0,4.96,4.96,1.0,1.0,1.67,1.67,0.8921,0.8921,3.0,3.0,21.1867092305,99.1572958544,63.774816,82.85967592
433,0.0,1320.0,1233.68333333,0.0,4.52,4.52,0.64,0.64,0.95,0.95,0.8814,0.8814,0.0,0.0,2.0352001896,95.5103873413,34.063288,80.49273981
434,0.0,1172.0,1134.21666667,1.0,4.76,4.76,1.0,1.0,1.89,1.89,0.8665,0.8665,3.0,3.0,7.95215926668,80.841896319,49.692836,62.83276946
435,0.0,1206.0,1180.31666667,1.0,4.88,4.88,1.0,1.0,2.13,2.13,0.9028,0.9028,2.0,2.0,9.39589636331,77.8683103593,68.439233,77.03847421
436,0.0,1178.0,1141.4,1.0,4.44,4.44,0.88,0.88,1.63,1.63,0.8674,0.8674,3.0,3.0,3.99304508724,83.7210315496,54.558273,71.96401931
437,0.0,1187.0,1162.56666667,1.0,4.92,4.92,1.0,1.0,2.15,2.15,0.8116,0.8116,2.0,2.0,8.00146025435,79.0143131854,53.230232,63.4239017
438,0.0,1251.0,1221.56666667,1.0,4.96,4.96,0.96,0.96,1.5,1.5,0.8498,0.8498,2.0,2.0,17.3693695036,79.449573345,100.326782,79.75360021
439,0.0,1221.0,1209.88333333,1.0,4.62,4.62,0.92,0.92,3.21,3.21,0.8103,0.8103,0.0,0.0,4.96861933976,75.9268498973,96.167922,78.862589655
440,0.0,1320.0,1337.65,0.0,4.76,4.76,1.0,1.0,1.81,1.81,0.8473,0.8473,3.0,3.0,3.15361133222,104.353129496,82.616451,124.6502336
441,0.0,1232.0,1185.6,1.0,4.96,4.96,1.0,1.0,1.63,1.63,0.9048,0.9048,3.0,3.0,8.38775373402,79.8863541945,59.085512,58.10655704
442,0.0,1237.0,1219.1,1.0,4.64,4.64,0.96,0.96,2.33,2.33,0.8528,0.8528,2.0,2.0,15.8558621539,80.9503837169,68.579312,70.60087207
443,1.0,660.0,615.316666667,0.0,4.68,4.68,1.0,1.0,1.56,1.56,0.8564,0.8564,3.0,3.0,12.3896741181,95.4524926393,120.514785,105.21371968
444,0.0,1246.0,1207.88333333,1.0,4.96,4.96,1.0,1.0,1.76,1.76,0.8443,0.8443,3.0,3.0,19.853845135,82.0534701809,59.460497,74.94364857
445,0.0,1320.0,1283.01666667,0.0,4.52,4.52,1.0,1.0,1.88,1.88,0.8638,0.8638,3.0,3.0,10.5792964673,101.638526499,103.710015,103.94234613
446,0.0,1320.0,1294.88333333,0.0,4.56,4.56,0.96,0.96,1.64,1.64,0.8864,0.8864,3.0,3.0,10.0629695969,102.71739172,125.813592,120.20674732
447,0.0,1265.0,1246.81666667,1.0,4.84,4.84,0.96,0.96,1.87,1.87,0.8028,0.8028,3.0,3.0,4.85827856002,84.3193132922,73.618235,77.17879856
448,0.0,1282.0,1259.75,1.0,4.48,4.48,0.96,0.96,1.55,1.55,0.9081,0.9081,3.0,3.0,4.48252803085,82.5254875809,73.026205,77.95467739
449,0.0,1319.0,1316.26666667,1.0,4.72,4.72,1.0,1.0,1.3,1.3,0.8936,0.8936,3.0,3.0,12.727576029,83.0898241396,87.271113,84.83425841
450,0.0,1380.0,1327.78333333,0.0,4.71,4.71,0.92,0.92,2.33,2.33,0.8815,0.8815,2.0,2.0,6.97654841748,99.5980885931,69.974077,92.2614667
451,1.0,1260.0,1260.23333333,0.0,4.84,4.84,1.0,1.0,1.58,1.58,0.8231,0.8231,3.0,3.0,10.5048846838,102.560384268,113.909744,107.15490085
452,0.0,1380.0,1335.66666667,0.0,4.84,4.84,1.0,1.0,1.58,1.58,0.8231,0.8231,3.0,3.0,5.01844797848,101.445424951,107.813879,102.5084277
453,0.0,1380.0,1327.81666667,0.0,4.8,4.8,1.0,1.0,1.61,1.61,0.8764,0.8764,3.0,3.0,12.5094744219,100.704895208,108.254242,94.59238353
454,0.0,1380.0,1341.3,0.0,4.88,4.88,0.96,0.96,2.27,2.27,0.8601,0.8601,2.0,2.0,10.2854107692,99.6422545531,110.526932,102.07229325
455,0.0,1380.0,1321.03333333,0.0,4.79,4.79,0.96,0.96,2.04,2.04,0.8508,0.8508,2.0,2.0,8.58418319174,98.3311680982,69.176387,79.8616117
456,1.0,600.0,560.266666667,0.0,4.84,4.84,1.0,1.0,1.23,1.23,0.8442,0.8442,3.0,3.0,5.47320688763,94.665293841,121.965802,103.10212791
457,0.0,1350.0,1318.81666667,1.0,4.92,4.92,0.92,0.92,1.83,1.83,0.8885,0.8885,3.0,3.0,14.5684806768,84.4663545915,81.58335,71.78877051
458,1.0,540.0,520.333333333,0.0,4.68,4.68,1.0,1.0,1.47,1.47,0.8827,0.8827,3.0,3.0,13.2767312375,95.5798692493,104.159213,92.56977562
459,1.0,600.0,556.05,0.0,4.8,4.8,0.88,0.88,2.36,2.36,0.8827,0.8827,2.0,2.0,10.4722138991,94.889291992,124.214772,99.99330734
460,1.0,840.0,783.283333333,0.0,5.0,5.0,0.96,0.96,3.5,3.5,0.8158,0.8158,0.0,0.0,11.6149430775,88.6255036761,56.667358,78.13587862
461,1.0,720.0,714.583333333,0.0,4.76,4.76,0.92,0.92,1.9,1.9,0.8949,0.8949,3.0,3.0,18.676397269,100.304836894,98.317868,99.77973054
462,0.0,1419.0,1381.78333333,1.0,4.84,4.84,1.0,1.0,1.39,1.39,0.8812,0.8812,3.0,3.0,5.08933475369,81.6791134713,71.289454,67.03207701
463,1.0,540.0,564.8,0.0,4.92,4.92,0.92,0.92,2.13,2.13,0.8444,0.8444,2.0,2.0,15.3248126466,97.760580491,124.345111,125.36447661
464,1.0,840.0,769.433333333,0.0,4.8,4.8,0.96,0.96,1.9,1.9,0.8571,0.8571,3.0,3.0,10.8505734306,96.5554439547,101.449343,90.36281061
465,1.0,720.0,658.116666667,0.0,4.68,4.68,1.0,1.0,1.52,1.52,0.8531,0.8531,3.0,3.0,2.39505168526,94.3862939845,141.045917,99.61045172
466,1.0,660.0,597.6,0.0,4.92,4.92,1.0,1.0,1.6,1.6,0.8639,0.8639,3.0,3.0,17.2002687711,94.5389052422,152.581103,92.46815745
467,1.0,660.0,583.166666667,0.0,4.68,4.68,0.92,0.92,1.38,1.38,0.8689,0.8689,3.0,3.0,8.32230687402,95.1434921742,72.846324,99.01723734
468,1.0,840.0,776.366666667,0.0,4.92,4.92,0.88,0.88,1.35,1.35,0.8268,0.8268,3.0,3.0,1.60233920497,98.2988377432,79.903536,97.508099
469,1.0,1020.0,985.583333333,0.0,4.8,4.8,0.88,0.88,1.6,1.6,0.8492,0.8492,3.0,3.0,3.16681972146,101.323588132,110.675534,105.02198065
470,1.0,780.0,697.35,0.0,4.8,4.8,0.96,0.96,1.9,1.9,0.8571,0.8571,3.0,3.0,8.81488233576,95.3421049218,121.951233,97.83993052
471,1.0,780.0,768.5,0.0,4.84,4.84,0.96,0.96,1.87,1.87,0.8028,0.8028,3.0,3.0,5.11570962623,99.8512761525,72.360218,96.78830941
472,1.0,660.0,600.266666667,0.0,4.56,4.56,1.0,1.0,2.04,2.04,0.8571,0.8571,2.0,2.0,10.9032224719,91.4380246705,68.967806,87.55895915
473,1.0,660.0,583.3,0.0,4.88,4.88,0.92,0.92,2.38,2.38,0.9024,0.9024,2.0,2.0,25.0916451837,92.9163510371,48.864911,65.87693973
474,1.0,660.0,591.483333333,0.0,4.68,4.68,1.0,1.0,1.65,1.65,0.9496,0.9496,3.0,3.0,13.1800353155,92.9469967715,131.262029,98.64156084
475,1.0,660.0,627.7,0.0,4.72,4.72,0.96,0.96,1.3,1.3,0.8544,0.8544,3.0,3.0,15.219499747,97.0610325541,65.922568,99.85047186
476,1.0,780.0,705.433333333,0.0,4.84,4.84,1.0,1.0,1.5,1.5,0.8466,0.8466,3.0,3.0,13.1937901492,94.6672028687,49.625003,96.86864389
477,1.0,720.0,684.216666667,0.0,4.56,4.56,0.84,0.84,2.38,2.38,0.8861,0.8861,0.0,0.0,8.47851920566,89.8832803454,92.078226,101.04096547
478,1.0,632.0,647.1,1.0,4.64,4.64,0.96,0.96,1.89,1.89,0.8913,0.8913,3.0,3.0,7.68668612228,79.8809698567,113.859243,91.36470357
479,1.0,639.0,627.816666667,1.0,4.72,4.72,0.96,0.96,1.5,1.5,0.8556,0.8556,3.0,3.0,9.98481593843,78.6064946575,93.671088,82.33659351
480,1.0,1080.0,1067.45,0.0,4.8,4.8,1.0,1.0,1.5,1.5,0.8746,0.8746,3.0,3.0,8.20832870557,99.6457287439,68.132885,93.60883168
481,1.0,720.0,744.016666667,0.0,4.64,4.64,1.0,1.0,1.88,1.88,0.8845,0.8845,3.0,3.0,10.2301756435,99.6025388519,101.449343,107.99808737
482,1.0,672.0,667.716666667,1.0,4.8,4.8,1.0,1.0,1.61,1.61,0.8764,0.8764,3.0,3.0,11.0731507531,78.0352543505,95.42387,75.99795669
483,1.0,709.0,717.233333333,1.0,4.67,4.67,1.0,1.0,1.57,1.57,0.8586,0.8586,2.0,2.0,14.3161847642,75.7677167857,101.700132,86.95285356
484,1.0,679.0,660.883333333,1.0,4.89,4.89,0.9474,0.9474,4.05,4.05,0.8226,0.8226,1.0,1.0,4.602340523,74.4256933089,118.264694,64.29971475
485,1.0,685.0,655.433333333,1.0,4.84,4.84,0.96,0.96,2.38,2.38,0.8318,0.8318,2.0,2.0,18.3691786678,75.9321873335,74.474927,67.52420516
486,1.0,720.0,691.833333333,0.0,4.95,4.95,1.0,1.0,2.97,2.97,0.83,0.83,2.0,2.0,13.9868269932,95.0339192383,83.443982,112.56339779
487,1.0,840.0,784.25,0.0,4.68,4.68,1.0,1.0,1.56,1.56,0.8564,0.8564,3.0,3.0,6.14859882328,95.7819227551,111.978661,119.87920287
488,1.0,741.0,740.25,1.0,4.48,4.48,1.0,1.0,1.64,1.64,0.861,0.861,3.0,3.0,14.3989098887,79.3014939164,77.801897,86.61336386
489,1.0,780.0,732.85,0.0,4.8,4.8,1.0,1.0,2.47,2.47,0.8954,0.8954,2.0,2.0,14.5126643264,93.0177915754,60.097044,83.13484735
490,1.0,840.0,804.733333333,0.0,4.92,4.92,0.96,0.96,1.69,1.69,0.9088,0.9088,3.0,3.0,2.00780036825,97.051796477,71.977468,99.06920141
491,1.0,780.0,732.95,0.0,4.8,4.8,0.96,0.96,1.46,1.46,0.8639,0.8639,3.0,3.0,10.1220814256,96.8242342272,195.924371,108.65612428
492,1.0,840.0,791.366666667,0.0,4.8,4.8,1.0,1.0,1.57,1.57,0.8874,0.8874,3.0,3.0,11.8314677837,96.0015712214,198.474652,121.39870434
493,1.0,840.0,783.166666667,0.0,4.84,4.84,1.0,1.0,1.68,1.68,0.8717,0.8717,3.0,3.0,5.16837695005,95.5125317171,102.763348,113.06005387
494,1.0,840.0,730.066666667,0.0,4.68,4.68,0.96,0.96,1.5,1.5,0.8289,0.8289,3.0,3.0,18.6322041866,94.7647869499,31.438289,73.0695193
495,1.0,840.0,833.533333333,0.0,4.8,4.8,1.0,1.0,1.22,1.22,0.8856,0.8856,3.0,3.0,12.2100470736,98.0242671109,179.023501,119.59603305
496,1.0,794.0,805.366666667,1.0,4.64,4.64,0.92,0.92,3.0,3.0,0.884,0.884,2.0,2.0,13.9163747497,79.8654081167,136.648616,90.72433512
497,1.0,1260.0,1197.55,0.0,4.72,4.72,1.0,1.0,1.3,1.3,0.8936,0.8936,3.0,3.0,12.8605525431,97.9200349352,93.131459,115.62289341
498,1.0,900.0,860.216666667,0.0,4.72,4.72,0.96,0.96,1.5,1.5,0.8556,0.8556,3.0,3.0,21.3332520113,98.8792590001,84.082339,98.47409178
499,1.0,840.0,777.9,0.0,4.79091872792,4.79091872792,1.0,1.0,2.09,2.09,0.8367,0.8367,2.0,2.0,11.6102761974,92.8576182235,56.108914,77.1679652
500,1.0,810.0,778.016666667,1.0,4.84,4.84,0.96,0.96,2.47,2.47,0.9238,0.9238,2.0,2.0,12.8799544318,75.2030465508,49.009214,65.59198609
501,1.0,783.0,773.916666667,1.0,4.76,4.76,0.92,0.92,1.6,1.6,0.8857,0.8857,3.0,3.0,12.9184783266,80.6183162472,106.289581,95.09343812
502,1.0,1080.0,1045.66666667,0.0,4.76,4.76,0.92,0.92,1.91,1.91,0.8801,0.8801,3.0,3.0,15.0770413576,101.272590635,98.317868,107.81565012
503,1.0,797.0,784.4,1.0,4.76,4.76,0.96,0.96,2.24,2.24,0.9148,0.9148,2.0,2.0,12.7532342035,76.0998835415,40.42653,68.72685485
504,1.0,900.0,837.566666667,0.0,4.84,4.84,1.0,1.0,1.23,1.23,0.8442,0.8442,3.0,3.0,16.6152824842,96.1168241592,101.624153,101.14067554
505,1.0,830.0,812.466666667,1.0,4.68,4.68,1.0,1.0,1.39,1.39,0.855,0.855,2.0,2.0,5.83057096512,74.5783106427,69.97742,74.05398773
506,1.0,840.0,790.233333333,0.0,4.72,4.72,1.0,1.0,2.0,2.0,0.7469,0.7469,0.0,0.0,3.98210529022,86.9964359705,62.495882,78.37043033
507,1.0,803.0,755.833333333,1.0,5.0,5.0,1.0,1.0,2.43,2.43,0.8652,0.8652,2.0,2.0,3.98210529022,73.4891496042,50.090946,55.42629114
508,1.0,843.0,824.783333333,1.0,4.92,4.92,1.0,1.0,1.32,1.32,0.8762,0.8762,3.0,3.0,6.01192286082,77.8254246453,58.793169,70.61740463
509,1.0,821.0,815.8,1.0,4.76,4.76,1.0,1.0,2.11,2.11,0.8594,0.8594,2.0,2.0,15.3447965729,76.4133202413,70.89969,79.69201227
510,1.0,846.0,828.733333333,1.0,4.52,4.52,1.0,1.0,1.3,1.3,0.8822,0.8822,3.0,3.0,14.3018573531,78.4210590953,83.356041,71.43255803
511,1.0,851.0,851.483333333,1.0,4.96,4.96,0.84,0.84,1.43,1.43,0.8444,0.8444,0.0,0.0,5.27094301256,72.6020444488,81.119783,89.76196645
512,1.0,859.0,854.2,1.0,4.96,4.96,1.0,1.0,2.33,2.33,0.8808,0.8808,2.0,2.0,14.1378662764,76.4925602551,82.04579,81.40525458
513,1.0,900.0,841.25,0.0,4.65,4.65,0.96,0.96,1.98,1.98,0.8233,0.8233,3.0,3.0,9.71416661181,98.2204513332,41.258006,92.57740546
514,1.0,900.0,879.716666667,0.0,4.76,4.76,0.92,0.92,1.6,1.6,0.8857,0.8857,3.0,3.0,4.11416335997,99.7751422136,110.675534,127.76880887
515,1.0,887.0,865.116666667,1.0,4.84,4.84,1.0,1.0,1.67,1.67,0.948,0.948,3.0,3.0,2.79920508835,77.1812627471,67.961465,80.42792684
516,1.0,923.0,900.866666667,1.0,4.72,4.72,0.96,0.96,1.3,1.3,0.8544,0.8544,3.0,3.0,27.8136023258,80.7520910944,58.358992,72.56493834
517,1.0,1020.0,961.216666667,0.0,4.92,4.92,0.88,0.88,1.89,1.89,0.8337,0.8337,3.0,3.0,15.6539040357,101.101564866,39.724199,86.98626553
518,1.0,960.0,919.433333333,0.0,4.88,4.88,1.0,1.0,0.8,0.8,0.8521,0.8521,3.0,3.0,10.5484918641,96.8412571225,92.224654,100.0386119
519,1.0,935.0,976.466666667,1.0,4.96,5.0,0.96,0.96,2.06,3.14,0.7984,0.8519,2.0,0.0,8.2205866228,96.6080101733,123.496689,107.6548544
520,1.0,1020.0,989.15,0.0,5.0,5.0,1.0,1.0,2.4,2.4,0.8735,0.8735,2.0,2.0,4.24172241769,95.2328041619,72.335941,89.5386782
521,1.0,978.0,956.75,1.0,4.6,4.6,0.56,0.56,1.6,1.6,0.8266,0.8266,0.0,0.0,4.24172241769,80.1470152673,83.046552,74.05470818
522,1.0,979.0,970.416666667,1.0,4.79091872792,4.79091872792,1.0,1.0,2.37,2.37,0.851894680851,0.851894680851,1.0,1.0,4.29594515636,73.4711200133,83.046552,76.42879813
523,1.0,1200.0,1161.6,0.0,4.79,4.79,0.96,0.96,2.59,2.59,0.7982,0.7982,2.0,2.0,12.2929910349,98.9292934897,64.198586,79.81561821
524,1.0,1006.0,1001.11666667,1.0,4.84,4.84,0.96,0.96,2.47,2.47,0.9238,0.9238,2.0,2.0,2.72704623513,77.5818266644,89.459673,80.60645817
525,1.0,1200.0,1187.7,0.0,4.82,4.82,0.88,0.88,3.8,3.8,0.7615,0.7615,0.0,0.0,7.42285789619,96.7292758206,92.148341,96.27764252
526,1.0,1060.0,1056.18333333,1.0,4.76,4.76,0.92,0.92,1.45,1.45,0.8618,0.8618,3.0,3.0,9.64080466163,82.8809540061,70.299788,92.23144842
527,1.0,1200.0,1211.96666667,0.0,4.92,4.92,0.72,0.72,1.75,1.75,0.8565,0.8565,0.0,0.0,15.2378220822,99.0150362758,101.200678,113.72079463
528,1.0,1140.0,1067.96666667,0.0,4.84,4.84,1.0,1.0,1.66,1.66,0.8899,0.8899,3.0,3.0,14.8091269901,97.0275551232,120.022851,100.48053335
529,1.0,1065.0,1055.98333333,1.0,4.96,4.96,1.0,1.0,1.23,1.23,0.8542,0.8542,2.0,2.0,13.6686010905,76.8457567645,95.806977,80.98239251
530,1.0,1042.0,1022.5,1.0,4.92,4.92,0.92,0.92,1.64,1.64,0.8692,0.8692,3.0,3.0,13.232442895,82.0949809873,81.566277,80.39191244
531,1.0,1140.0,1103.15,0.0,4.79,4.79,1.0,1.0,1.85,1.85,0.9193,0.9193,3.0,3.0,4.63832382507,98.2860116724,114.437633,120.71736158
532,1.0,1105.0,1073.01666667,1.0,5.0,5.0,1.0,1.0,2.43,2.43,0.8652,0.8652,2.0,2.0,3.96090326201,76.4902813472,44.558217,60.33777632
533,1.0,1140.0,1072.58333333,0.0,4.96,4.96,1.0,1.0,2.36,2.36,0.8297,0.8297,2.0,2.0,15.0140117035,95.1946259756,67.752775,76.35706926
534,1.0,1120.0,1087.43333333,1.0,4.76,4.76,0.96,0.96,1.67,1.67,0.8347,0.8347,3.0,3.0,11.0867757684,81.3527424543,61.40475,64.56866158
535,1.0,1260.0,1200.51666667,0.0,4.6,4.6,1.0,1.0,1.43,1.43,0.8776,0.8776,3.0,3.0,6.32435059675,98.1664520703,39.857494,107.18957998
536,1.0,1140.0,1079.1,0.0,4.92,4.92,1.0,1.0,2.16,2.16,0.8703,0.8703,2.0,2.0,12.432726217,94.6492466245,39.351727,83.9139653
537,1.0,1200.0,1151.46666667,0.0,4.92,4.92,1.0,1.0,1.71,1.71,0.8253,0.8253,3.0,3.0,15.4924789975,99.7359585887,76.680422,89.4807898
538,1.0,1134.0,1118.6,1.0,4.56,4.56,1.0,1.0,1.6,1.6,0.8656,0.8656,3.0,3.0,10.6235781284,80.9298092161,77.727666,78.27322721
539,1.0,1168.0,1193.46666667,1.0,4.88,4.88,1.0,1.0,2.82,2.82,0.8722,0.8722,2.0,2.0,16.0839482584,81.1989289786,101.946865,107.31440369
540,1.0,1175.0,1147.96666667,1.0,4.64,4.64,1.0,1.0,1.57,1.57,0.8295,0.8295,3.0,3.0,13.1487303338,81.1385336055,54.558273,72.67530969
541,1.0,1192.0,1175.75,1.0,5.0,5.0,1.0,1.0,1.57,1.57,0.8984,0.8984,3.0,3.0,12.0760465182,80.6704405371,114.214532,73.52019631
542,1.0,1138.0,1119.33333333,1.0,4.92,4.92,1.0,1.0,2.52,2.52,0.8429,0.8429,2.0,2.0,13.6719707759,78.4385782034,58.143118,70.23832048
543,1.0,1172.0,1129.13333333,1.0,4.71,4.71,0.88,0.88,2.12,2.12,0.8634,0.8634,2.0,2.0,10.851270129,79.6691443217,61.163176,62.60830827
544,1.0,1176.0,1153.3,1.0,4.64,4.64,1.0,1.0,1.57,1.57,0.8606,0.8606,3.0,3.0,20.6176131283,81.3476209084,103.353003,75.50895319
545,1.0,1176.0,1191.91666667,1.0,4.9,4.9,1.0,1.0,3.31,3.31,0.7846,0.7846,0.0,0.0,6.53663853533,74.6369008761,97.623492,104.33142446
546,1.0,1179.0,1155.38333333,1.0,4.96,4.96,0.72,0.72,2.0,2.0,0.863,0.863,0.0,0.0,4.97122854235,77.0731330454,78.518355,68.33912985
547,1.0,1154.0,1143.43333333,1.0,4.94,4.94,0.8,0.8,2.82,2.82,0.895,0.895,0.0,0.0,13.4237597208,76.4613103329,126.424508,92.17599981
548,1.0,1218.0,1217.31666667,1.0,4.96,4.96,0.84,0.84,1.43,1.43,0.8444,0.8444,0.0,0.0,3.50007315848,75.055297733,106.293388,92.12386892
549,1.0,1260.0,1196.36666667,0.0,4.88,4.88,0.96,0.96,1.7,1.7,0.846,0.846,3.0,3.0,3.31593148012,99.4308624105,143.262488,105.18087393
550,1.0,1320.0,1317.05,0.0,4.64,4.64,0.96,0.96,2.33,2.33,0.8528,0.8528,2.0,2.0,10.7690747623,100.70674045,91.322961,103.2198484
551,1.0,1260.0,1239.93333333,0.0,4.64,4.64,1.0,1.0,1.29,1.29,0.8589,0.8589,3.0,3.0,10.7690747623,100.702773443,93.131459,104.7560436
552,1.0,1278.0,1271.15,1.0,4.56,4.56,1.0,1.0,1.58,1.58,0.8577,0.8577,3.0,3.0,10.0257559512,82.4919619265,103.446927,82.23788784
553,1.0,1317.0,1323.73333333,1.0,4.88,4.88,0.92,0.92,2.0,2.0,0.8525,0.8525,3.0,3.0,3.7730801452,85.6787808544,105.749239,99.06889597
554,1.0,1289.0,1246.35,1.0,4.72,4.72,0.92,0.92,2.0,2.0,0.8273,0.8273,0.0,0.0,11.1032811272,72.5082198371,65.165479,63.97407828
555,2.0,660.0,623.116666667,0.0,4.72,4.72,0.96,0.96,2.4,2.4,0.84,0.84,2.0,2.0,6.67351802693,93.2830801711,91.833805,89.68711402
556,2.0,840.0,786.233333333,0.0,4.76,4.76,1.0,1.0,1.29,1.29,0.8272,0.8272,3.0,3.0,20.4305319427,95.8983094478,151.843226,96.15443546
557,2.0,600.0,595.65,0.0,4.8,4.8,1.0,1.0,2.31,2.31,0.8857,0.8857,2.0,2.0,20.4305319427,93.5873574033,160.954825,112.80544552
558,2.0,600.0,537.033333333,0.0,4.96,4.96,0.96,0.96,1.5,1.5,0.8498,0.8498,2.0,2.0,11.2894245373,90.3828264251,50.773,71.5868692
559,2.0,1260.0,1168.25,0.0,4.92,4.92,1.0,1.0,1.79,1.79,0.8831,0.8831,3.0,3.0,16.055870049,96.2201961071,102.445949,102.7215381
560,1.0,1366.0,1316.51666667,1.0,4.96,4.96,1.0,1.0,2.03,2.03,0.8337,0.8337,2.0,2.0,8.75690086271,77.6357429089,87.637678,64.85770887
561,1.0,1338.0,1342.35,1.0,4.84,4.84,1.0,1.0,1.58,1.58,0.8231,0.8231,3.0,3.0,7.45961095895,83.7662580325,87.481243,94.69790984
562,2.0,960.0,884.983333333,0.0,4.96,4.96,0.96,0.96,1.5,1.5,0.8498,0.8498,2.0,2.0,19.6347074543,92.7112036785,83.493685,92.51169356
563,2.0,600.0,565.183333333,0.0,4.96,4.96,0.96,0.96,1.38,1.38,0.8446,0.8446,3.0,3.0,0.122958537135,94.9831759863,74.98506,96.94034886
564,1.0,0.0,1364.16666667,0.0,4.96,4.96,1.0,1.0,1.56,1.56,0.8506,0.8506,3.0,3.0,7.2071335072,169.522875597,106.513692,91.2954396
565,1.0,1393.0,1350.46666667,1.0,4.92,4.92,1.0,1.0,2.2,2.2,0.8117,0.8117,2.0,2.0,4.98725783999,78.5357682477,40.063758,67.22532555
566,2.0,540.0,529.75,0.0,4.92,4.92,1.0,1.0,1.32,1.32,0.8762,0.8762,3.0,3.0,9.61811508177,94.9024585916,104.064153,87.98952484
567,2.0,600.0,528.366666667,0.0,4.72,4.72,1.0,1.0,1.19,1.19,0.8504,0.8504,3.0,3.0,1.58178916155,91.7695995833,93.860514,88.11066167
568,2.0,600.0,554.733333333,0.0,4.88,4.88,0.96,0.96,1.13,1.13,0.8537,0.8537,3.0,3.0,7.93495792794,94.4416714678,121.965802,108.76984739
569,2.0,600.0,533.433333333,0.0,4.65,4.65,0.96,0.96,1.98,1.98,0.8233,0.8233,3.0,3.0,8.45183469891,94.755662105,78.649998,77.01813059
570,2.0,600.0,534.583333333,0.0,4.96,4.96,0.92,0.92,1.55,1.55,0.8586,0.8586,3.0,3.0,14.1278920026,95.0437070569,81.521014,77.93484954
571,2.0,660.0,617.1,0.0,4.92,4.92,0.92,0.92,2.06,2.06,0.8571,0.8571,2.0,2.0,13.2997078309,93.6269190561,101.676323,92.56117255
572,2.0,720.0,655.05,0.0,4.88,4.88,0.96,0.96,1.13,1.13,0.8537,0.8537,3.0,3.0,15.792720466,94.6071870506,58.732091,113.01439451
573,2.0,1200.0,1156.46666667,0.0,4.83,4.83,0.84,0.84,3.55,3.55,0.7656,0.7656,0.0,0.0,7.76063001466,94.8732106674,57.245478,106.94902737
574,2.0,660.0,652.016666667,0.0,4.92,4.92,0.92,0.92,2.13,2.13,0.8444,0.8444,2.0,2.0,12.8365151067,95.8190600932,109.999518,104.83858083
575,2.0,780.0,717.583333333,0.0,4.84,4.84,1.0,1.0,1.68,1.68,0.8717,0.8717,3.0,3.0,10.8988410635,94.2520931645,102.367242,104.68938223
576,2.0,720.0,647.616666667,0.0,4.84,4.84,0.96,0.96,2.47,2.47,0.9238,0.9238,2.0,2.0,3.47971075158,90.391957748,72.490702,76.08379852
577,2.0,660.0,594.683333333,0.0,4.75,4.75,1.0,1.0,2.64,2.64,0.8571,0.8571,2.0,2.0,15.0746933666,91.1010800336,54.830327,69.72943714
578,2.0,650.0,618.133333333,1.0,5.0,5.0,1.0,1.0,1.58,1.58,0.8851,0.8851,3.0,3.0,17.2984245814,75.5866103638,81.76362,73.8144394
579,2.0,660.0,606.75,0.0,4.67,4.67,1.0,1.0,2.0,2.0,0.8495,0.8495,2.0,2.0,18.5734127332,91.3953436835,79.211441,82.59933209
580,2.0,625.0,607.133333333,1.0,4.76,4.76,0.96,0.96,1.43,1.43,0.9082,0.9082,3.0,3.0,13.6057542276,76.6640658039,63.24987,80.16449932
581,2.0,720.0,702.35,0.0,4.78,4.78,0.96,0.96,2.48,2.48,0.8021,0.8021,2.0,2.0,22.1055014389,96.2009882799,76.605088,86.26378494
582,2.0,701.0,673.133333333,1.0,4.92,4.92,1.0,1.0,1.32,1.32,0.8762,0.8762,3.0,3.0,12.0012060539,75.7666580856,82.355752,70.23305294
583,2.0,697.0,664.233333333,1.0,4.67,4.67,1.0,1.0,2.0,2.0,0.8495,0.8495,2.0,2.0,12.0145185342,73.042033033,85.417155,65.9245016
584,2.0,735.0,721.416666667,1.0,4.8,4.8,0.96,0.96,1.42,1.42,0.8687,0.8687,3.0,3.0,19.0237559405,78.49970553,83.286471,76.48112023
585,2.0,780.0,743.6,0.0,4.64,4.64,1.0,1.0,1.57,1.57,0.8606,0.8606,3.0,3.0,24.7713125579,96.5752414699,64.576014,102.67793125
586,2.0,709.0,657.35,1.0,4.8,4.8,1.0,1.0,2.31,2.31,0.8857,0.8857,2.0,2.0,9.74695627631,71.7226748712,46.847391,61.63244988
587,2.0,840.0,756.466666667,0.0,4.92,4.92,1.0,1.0,1.76,1.76,0.8557,0.8557,3.0,3.0,8.58373774614,93.6473438991,87.651693,101.54502845
588,2.0,721.0,700.65,1.0,4.87,4.87,1.0,1.0,2.36,2.36,0.8555,0.8555,2.0,2.0,10.0231970861,74.0270383599,70.198689,68.93245177
589,2.0,722.0,720.683333333,1.0,4.82,4.82,0.88,0.88,3.8,3.8,0.7615,0.7615,0.0,0.0,10.0231970861,73.8382797202,116.852403,82.94620902
590,2.0,756.0,744.433333333,1.0,4.8,4.8,0.96,0.96,1.9,1.9,0.8571,0.8571,3.0,3.0,4.98121081262,78.7161844416,69.573875,76.2723772
591,2.0,840.0,817.466666667,0.0,4.86,4.86,0.9524,0.9524,3.44,3.44,0.8584,0.8584,0.0,0.0,15.8525294642,89.5444137091,110.916497,101.45257366
592,2.0,783.0,735.016666667,1.0,4.83,4.83,0.88,0.88,2.03,2.03,0.7672,0.7672,2.0,2.0,13.5118117168,77.1252074519,51.254148,71.37807887
593,2.0,813.0,795.55,1.0,4.96,5.0,0.96,1.0,1.5,2.39,0.8498,0.8031,2.0,2.0,2.87323454524,74.0709015558,72.494771,74.30689986
594,2.0,960.0,919.566666667,0.0,4.76,4.76,0.96,0.96,2.24,2.24,0.9148,0.9148,2.0,2.0,9.13716792128,94.1017756921,118.817087,96.7708938
595,2.0,840.0,781.9,0.0,4.92,4.92,1.0,1.0,1.71,1.71,0.8253,0.8253,3.0,3.0,9.96826696345,95.5200065617,125.371814,103.77913126
596,2.0,823.0,794.483333333,1.0,4.96,4.96,1.0,1.0,2.33,2.33,0.8808,0.8808,2.0,2.0,8.1702548062,73.7651938046,55.996984,61.62756258
597,2.0,900.0,856.5,0.0,4.6,4.6,1.0,1.0,1.29,1.29,0.8988,0.8988,3.0,3.0,18.8499357473,95.8873045603,60.964095,111.12256154
598,2.0,832.0,844.233333333,1.0,4.88,4.88,0.96,0.96,3.0,3.0,0.8238,0.8238,0.0,0.0,9.8592451121,71.4908730245,97.012188,92.7044728
599,2.0,846.0,903.016666667,1.0,4.79,4.79,1.0,1.0,1.85,1.85,0.9193,0.9193,3.0,3.0,2.53931979232,81.1090079717,116.422597,105.03748434
600,2.0,900.0,885.916666667,0.0,4.84,4.84,0.96,0.96,2.47,2.47,0.9238,0.9238,2.0,2.0,3.72526168123,94.9593322802,137.90958,95.06838609
601,2.0,867.0,834.3,1.0,4.84,4.84,1.0,1.0,2.56,2.56,0.9295,0.9295,2.0,2.0,21.5127620693,74.178860363,44.946187,78.59864477
602,2.0,960.0,921.55,0.0,4.72,4.92,0.92,1.0,2.0,1.82,0.8273,0.8497,0.0,3.0,20.0673093919,90.7857508849,114.540856,95.99819898
603,2.0,902.0,878.266666667,1.0,4.5,4.5,0.96,0.96,4.14,4.14,0.8243,0.8243,2.0,2.0,17.8998132457,79.1822963157,84.294054,72.35570079
604,2.0,920.0,881.933333333,1.0,4.78,4.78,0.92,0.92,3.56,3.56,0.8136,0.8136,2.0,2.0,8.7457676647,78.4369352154,48.279228,65.81805223
605,2.0,1020.0,1071.16666667,0.0,4.56,4.56,1.0,1.0,1.51,1.51,0.8982,0.8982,3.0,3.0,0.892408945055,101.377160224,154.20443,102.72989585
606,2.0,1020.0,976.25,0.0,4.84,4.84,1.0,1.0,1.58,1.58,0.8231,0.8231,3.0,3.0,11.3522537666,97.604072489,76.11439,106.53564503
607,2.0,987.0,961.683333333,1.0,5.0,5.0,1.0,1.0,2.09,2.09,0.7535,0.7535,2.0,2.0,4.31029355893,76.4103881285,62.646124,61.77530684
608,2.0,1140.0,1105.5,0.0,4.84,4.84,0.96,0.96,1.75,1.75,0.8665,0.8665,3.0,3.0,2.01189730223,99.1061043991,163.563607,98.66926667
609,2.0,1048.0,1061.15,1.0,4.71,4.71,0.88,0.88,2.12,2.12,0.8634,0.8634,2.0,2.0,9.69278953854,81.0463920236,146.66576,87.22886415
610,2.0,1059.0,1024.65,1.0,4.92,4.92,1.0,1.0,1.78,1.78,0.8326,0.8326,2.0,2.0,15.4413747649,75.5863486315,75.656149,72.54031237
611,2.0,1080.0,1029.05,0.0,5.0,5.0,1.0,1.0,2.09,2.09,0.7535,0.7535,2.0,2.0,17.8389325987,95.7692642454,111.35511,88.3000696
612,2.0,1112.0,1100.3,1.0,4.8,4.8,1.0,1.0,1.86,1.86,0.8091,0.8091,3.0,3.0,7.68485776042,80.9723308387,73.58806,77.23182624
613,2.0,1140.0,1061.01666667,0.0,4.64,4.64,1.0,1.0,1.57,1.57,0.8606,0.8606,3.0,3.0,17.496618262,96.3619169055,74.824837,103.79104892
614,2.0,1120.0,1111.9,1.0,4.82,4.82,0.96,0.96,2.75,2.75,0.8361,0.8361,2.0,2.0,6.83127066715,79.1604344271,81.445128,80.05180866
615,2.0,1260.0,1136.08333333,0.0,4.52,4.52,0.64,0.64,0.95,0.95,0.8814,0.8814,0.0,0.0,9.83865925261,91.7388791625,58.774069,87.42576641
616,2.0,1320.0,1278.83333333,0.0,4.88,4.88,1.0,1.0,1.79,1.79,0.828,0.828,2.0,2.0,1.08113110413,95.8146132798,60.798999,95.9530046
617,2.0,1185.0,1159.48333333,1.0,4.72,4.72,1.0,1.0,1.44,1.44,0.8397,0.8397,3.0,3.0,12.690098263,80.1212867076,54.015277,66.89628581
618,3.0,540.0,498.583333333,0.0,4.78,4.78,0.9524,0.9524,3.17,3.17,0.8625,0.8625,2.0,2.0,1.89801570303,91.8095820407,79.175442,73.02893585
619,2.0,1159.0,1126.71666667,1.0,4.84,4.84,0.96,0.96,3.52,3.52,0.8038,0.8038,0.0,0.0,8.83002835877,72.1441456123,45.638885,58.67068541
620,2.0,1200.0,1156.1,0.0,4.96,4.96,1.0,1.0,1.56,1.56,0.8506,0.8506,3.0,3.0,14.9651220499,98.6032274479,126.870152,99.72118845
621,2.0,1260.0,1184.58333333,0.0,4.92,4.92,1.0,1.0,2.27,2.27,0.9164,0.9164,2.0,2.0,14.3615901057,93.4420101889,67.172308,86.47300404
622,2.0,1200.0,1132.58333333,0.0,4.47,4.47,0.84,0.84,2.56,2.56,0.8445,0.8445,0.0,0.0,9.37336386254,91.5757526593,31.451396,104.56625715
623,2.0,1211.0,1172.38333333,1.0,4.72,4.72,1.0,1.0,1.19,1.19,0.901,0.901,3.0,3.0,7.06101965695,78.1328263761,86.468731,68.44333141
624,2.0,1222.0,1277.88333333,1.0,5.0,5.0,0.96,0.96,3.14,3.14,0.8519,0.8519,0.0,0.0,9.7198261855,76.4149371129,133.870907,118.81973457
625,2.0,1222.0,1193.85,1.0,4.68,4.68,1.0,1.0,1.51,1.51,0.8321,0.8321,3.0,3.0,4.79660652439,80.0222564696,68.343783,75.96756317
626,2.0,1229.0,1192.01666667,1.0,4.8,4.8,0.96,0.96,1.46,1.46,0.8639,0.8639,3.0,3.0,3.09292632884,79.9706625707,49.865484,61.38407267
627,2.0,1320.0,1311.76666667,0.0,4.68,4.68,0.92,0.92,1.48,1.48,0.8571,0.8571,3.0,3.0,15.9745671178,103.552258501,43.444314,107.954947
628,2.0,1320.0,1278.53333333,0.0,4.6,4.6,0.92,0.92,1.94,1.94,0.8834,0.8834,3.0,3.0,14.653118047,101.79707808,110.22724,100.25965385
629,2.0,1271.0,1230.7,1.0,4.92,4.92,1.0,1.0,2.16,2.16,0.8703,0.8703,2.0,2.0,19.7177548489,76.881631135,38.116706,58.18922193
630,2.0,1302.0,1250.08333333,1.0,4.96,4.96,0.88,0.88,1.67,1.67,0.8981,0.8981,3.0,3.0,3.61620162719,81.4453142666,74.380949,64.55410017
631,2.0,1290.0,1277.48333333,1.0,4.44,4.44,0.8,0.8,2.4,2.4,0.8526,0.8526,0.0,0.0,3.61620162719,76.340231464,75.329182,73.75040291
632,2.0,1380.0,1318.11666667,0.0,4.84,4.84,0.96,0.96,2.23,2.23,0.8398,0.8398,2.0,2.0,7.05304583142,96.7820749542,69.974077,88.67977851
633,3.0,780.0,730.55,0.0,4.84,4.84,0.96,0.96,1.87,1.87,0.8028,0.8028,3.0,3.0,10.5785282419,96.3632354604,102.966512,94.19245782
634,2.0,1320.0,1325.85,0.0,4.88,4.88,0.92,0.92,2.0,2.0,0.8525,0.8525,3.0,3.0,10.5834393827,104.607055698,128.102463,102.72751407
635,3.0,780.0,704.6,0.0,4.81,4.81,1.0,1.0,2.76,2.76,0.9048,0.9048,2.0,2.0,15.9139208344,90.045412013,80.073618,73.45896204
636,2.0,1418.0,1389.91666667,1.0,4.6,4.6,0.76,0.76,1.77,1.77,0.8685,0.8685,0.0,0.0,14.5928780476,77.0022353952,40.085829,67.26224014
637,3.0,780.0,700.05,0.0,4.88,4.88,1.0,1.0,1.57,1.57,0.8726,0.8726,3.0,3.0,7.1573281004,92.09204991,126.645573,106.69543905
638,3.0,600.0,608.416666667,0.0,4.92,4.84,0.72,1.0,1.6,1.5,0.8809,0.8599,0.0,3.0,8.78862699866,92.5593162563,114.131554,115.60544473
639,3.0,720.0,647.916666667,0.0,4.8,4.8,1.0,1.0,1.25,1.25,0.9033,0.9033,3.0,3.0,5.47971440917,91.2674734554,105.887622,88.04443602
640,3.0,720.0,644.733333333,0.0,4.76,4.76,1.0,1.0,1.58,1.58,0.8706,0.8706,3.0,3.0,2.43342470942,91.7733250163,89.350337,97.40871806
641,3.0,665.0,634.716666667,1.0,4.8,4.8,1.0,1.0,1.63,1.63,0.9028,0.9028,3.0,3.0,8.85788223848,74.4127957424,53.128354,71.66106884
642,3.0,641.0,621.683333333,1.0,4.72,4.72,1.0,1.0,1.2,1.2,0.8205,0.8205,2.0,2.0,11.0444126229,72.0163390568,93.671088,70.90320314
643,3.0,780.0,700.116666667,0.0,4.84,4.84,1.0,1.0,1.6,1.6,0.9093,0.9093,3.0,3.0,8.79392226043,91.7190575784,76.427254,102.62353527
644,3.0,692.0,692.716666667,1.0,4.92,4.92,1.0,1.0,1.32,1.32,0.8762,0.8762,3.0,3.0,11.7179294124,76.4688038837,99.355323,82.34876125
645,3.0,1260.0,1241.35,0.0,4.8,4.8,1.0,1.0,1.5,1.5,0.8746,0.8746,3.0,3.0,5.51336590979,98.7949377192,58.243656,92.20951815
646,3.0,727.0,693.033333333,1.0,4.96,4.96,0.96,0.96,1.5,1.5,0.8486,0.8486,3.0,3.0,20.8786441212,76.8694602364,75.9375,72.98751429
647,3.0,840.0,775.0,0.0,4.76,4.76,0.92,0.92,1.45,1.45,0.8618,0.8618,3.0,3.0,13.3136177511,95.8467883918,135.04815,118.95771706
648,3.0,840.0,799.45,0.0,5.0,5.0,1.0,1.0,3.29,3.29,0.8148,0.8148,2.0,2.0,16.7324554081,94.2380333427,103.083255,88.07480921
649,3.0,724.0,716.45,1.0,4.72,4.72,0.96,0.96,1.55,1.55,0.8887,0.8887,3.0,3.0,9.93333170937,77.3565026494,112.395158,82.48162951
650,3.0,780.0,712.45,0.0,4.83,4.83,0.88,0.88,2.03,2.03,0.7672,0.7672,2.0,2.0,9.84522122233,94.4068104105,59.437462,65.99679417
651,3.0,760.0,772.033333333,1.0,4.8,4.8,1.0,1.0,1.22,1.22,0.8856,0.8856,3.0,3.0,17.1254930305,77.6877036706,106.289581,89.66767449
652,3.0,1080.0,1056.95,0.0,4.84,4.84,1.0,1.0,1.68,1.68,0.8717,0.8717,3.0,3.0,10.7671521073,97.7673376022,97.709244,114.47554796
653,3.0,735.0,720.066666667,1.0,4.84,4.84,1.0,1.0,1.67,1.67,0.948,0.948,3.0,3.0,5.17911615397,74.9685562538,77.765222,70.75538004
654,3.0,840.0,789.35,0.0,4.8,4.8,1.0,1.0,2.12,2.12,0.8402,0.8402,2.0,2.0,3.57990467733,91.4080200956,57.368922,82.04223604
655,3.0,840.0,792.616666667,0.0,4.6,4.6,1.0,1.0,1.57,1.57,0.8894,0.8894,3.0,3.0,6.69145208906,94.2185700998,54.046463,106.4367511
656,3.0,840.0,804.383333333,0.0,4.8,4.8,1.0,1.0,1.44,1.44,0.8621,0.8621,3.0,3.0,7.55479662334,95.0695140666,38.932083,99.02148186
657,3.0,840.0,794.816666667,0.0,4.72,4.72,1.0,1.0,2.21,2.21,0.8392,0.8392,2.0,2.0,8.9689295497,92.1524141232,74.807048,92.75737867
658,3.0,790.0,801.666666667,1.0,4.64,4.64,0.96,0.96,2.33,2.33,0.8528,0.8528,2.0,2.0,17.7581750465,77.0586013778,136.648616,93.13225443
659,3.0,900.0,971.116666667,0.0,4.72,5.0,0.96,0.9333,2.4,2.37,0.84,0.851894680851,2.0,1.0,3.13477458569,102.179457727,103.905125,111.23397211
660,3.0,814.0,807.25,1.0,4.96,4.96,0.72,0.72,2.0,2.0,0.863,0.863,0.0,0.0,16.8403636626,74.4036031751,87.640509,83.02320773
661,3.0,900.0,853.466666667,0.0,4.96,4.84,0.84,0.88,1.33,1.27,0.8524,0.8681,0.0,3.0,17.2596546261,88.1628771251,141.555347,106.0576042
662,3.0,900.0,829.716666667,0.0,4.88,4.88,0.92,0.92,2.23,2.23,0.8567,0.8567,2.0,2.0,13.6639010783,93.2077703244,43.77146,79.95857679
663,3.0,960.0,940.6,0.0,4.96,4.96,0.72,0.72,2.0,2.0,0.863,0.863,0.0,0.0,2.34547130257,93.3839826872,103.292939,101.17257334
664,3.0,960.0,892.4,0.0,4.52,4.52,0.96,0.96,2.14,2.14,0.8258,0.8258,2.0,2.0,15.436371155,93.3390880673,40.13295,87.41536324
665,3.0,960.0,904.35,0.0,4.84,4.84,1.0,1.0,1.81,1.81,0.8411,0.8411,3.0,3.0,12.0094504188,95.723531768,91.63815,95.95587605
666,3.0,885.0,862.116666667,1.0,4.92,4.92,1.0,1.0,2.16,2.16,0.8703,0.8703,2.0,2.0,19.8226632435,74.2936816965,101.485378,70.60951006
667,3.0,918.0,858.65,1.0,4.72,4.72,0.96,0.96,1.37,1.37,0.8893,0.8893,3.0,3.0,19.8226632435,76.1444289872,51.370997,66.57020011
668,3.0,1140.0,1089.76666667,0.0,5.0,5.0,0.96,0.96,2.77,2.77,0.8524,0.8524,2.0,2.0,8.35149581076,95.3221458505,85.113713,97.07674475
669,3.0,1080.0,987.75,0.0,4.72,4.72,0.96,0.96,1.37,1.37,0.8893,0.8893,3.0,3.0,20.9433937042,94.9291737766,99.104754,87.51925221
670,3.0,937.0,901.716666667,1.0,4.68,4.68,0.96,0.96,1.84,1.84,0.9145,0.9145,3.0,3.0,3.73580249274,76.966854356,66.353551,78.664669
671,3.0,940.0,937.583333333,1.0,4.6,4.6,0.76,0.76,1.77,1.77,0.8685,0.8685,0.0,0.0,20.0073577264,74.5038232047,84.494636,80.1663005
672,3.0,962.0,969.133333333,1.0,4.88,4.88,1.0,1.0,1.79,1.79,0.828,0.828,2.0,2.0,13.2854955569,76.3816620029,108.691876,92.3067041
673,3.0,1200.0,1174.33333333,0.0,4.96,4.96,0.84,0.84,1.73,1.73,0.8275,0.8275,0.0,0.0,14.1014789233,92.43016409,181.58316,109.62437352
674,3.0,1011.0,960.05,1.0,5.0,5.0,1.0,1.0,2.09,2.09,0.7535,0.7535,2.0,2.0,8.5892425398,74.54540278,34.766016,54.97867681
675,3.0,1014.0,1038.55,1.0,4.67,4.67,0.92,0.92,3.1,3.1,0.9146,0.9146,0.0,0.0,9.8551528943,72.6324453889,136.088086,101.95588773
676,3.0,1014.0,1000.35,1.0,4.8,4.8,0.8,0.8,2.57,2.57,0.8306,0.8306,0.0,0.0,18.8283824569,74.6233348807,80.184549,76.91737527
677,3.0,1140.0,1101.16666667,0.0,4.84,4.84,1.0,1.0,1.66,1.66,0.8899,0.8899,3.0,3.0,7.46429676256,96.8553696855,194.182727,96.88603154
678,3.0,1080.0,1030.45,0.0,4.76,4.76,0.8,0.8,2.17,2.17,0.9161,0.9161,0.0,0.0,17.3538280011,90.7905615574,73.465014,72.29695034
679,3.0,1072.0,1062.81666667,1.0,4.84,4.84,0.96,0.96,1.87,1.87,0.8028,0.8028,3.0,3.0,9.14094740882,81.2071726106,90.468676,85.00534256
680,3.0,1200.0,1141.48333333,0.0,4.72,4.72,1.0,1.0,1.81,1.81,0.8297,0.8297,2.0,2.0,14.8632669239,93.9667675303,71.690378,80.12824481
681,3.0,1166.0,1160.56666667,1.0,4.79,4.79,0.96,0.96,2.59,2.59,0.7982,0.7982,2.0,2.0,13.3135867424,79.5260098772,64.561897,73.89633212
682,3.0,1320.0,1275.65,0.0,4.76,4.76,0.96,0.96,1.67,1.67,0.8347,0.8347,3.0,3.0,12.6649216485,99.9708092733,136.398467,115.13219899
683,3.0,1320.0,1292.66666667,0.0,4.68,4.68,0.88,0.88,2.22,2.22,0.8172,0.8172,2.0,2.0,1.80762723934,99.6625876487,86.814856,100.99190333
684,3.0,1175.0,1169.15,1.0,4.44,4.44,0.8,0.8,2.4,2.4,0.8526,0.8526,0.0,0.0,2.90424572543,75.0346672022,91.013254,82.10535341
685,3.0,1192.0,1152.23333333,1.0,4.74,4.74,1.0,1.0,2.83,2.83,0.7773,0.7773,0.0,0.0,18.3698087269,70.247871463,66.838034,59.0989833
686,3.0,1204.0,1200.95,1.0,4.92,4.92,0.88,0.88,1.89,1.89,0.8337,0.8337,3.0,3.0,23.8413004897,84.9079918645,70.646392,84.3819555
687,3.0,1241.0,1217.88333333,1.0,4.72,4.72,0.96,0.96,1.37,1.37,0.8893,0.8893,3.0,3.0,0.714612140028,79.4655958039,85.911056,75.40852858
688,3.0,1296.0,1294.1,1.0,4.88,4.88,1.0,1.0,1.79,1.79,0.828,0.828,2.0,2.0,5.46718505469,77.8379662012,73.702969,82.60493352
689,3.0,1320.0,1300.05,0.0,4.6,4.6,0.92,0.92,1.94,1.94,0.8834,0.8834,3.0,3.0,2.79908154247,101.553549311,150.438563,109.74176761
690,4.0,660.0,639.25,0.0,4.88,4.88,1.0,1.0,1.26,1.26,0.8577,0.8577,3.0,3.0,11.1114391485,93.8113673205,113.74292,111.30934567
691,4.0,600.0,561.316666667,0.0,4.96,4.96,1.0,1.0,1.23,1.23,0.8542,0.8542,2.0,2.0,9.99227848445,88.62404992,121.863848,111.42045281
692,4.0,1320.0,1261.41666667,0.0,4.84,4.84,1.0,1.0,1.54,1.54,0.878,0.878,3.0,3.0,10.1298673367,96.3792519826,89.701923,100.58062364
693,4.0,720.0,692.85,0.0,4.79091872792,4.79091872792,1.0,1.0,2.37,2.37,0.851894680851,0.851894680851,0.0,0.0,2.16490680574,83.7486932122,106.915198,106.71186393
694,4.0,600.0,550.95,0.0,5.0,4.84,1.0,0.88,2.39,1.27,0.8031,0.8681,2.0,3.0,10.1525854792,88.6462399699,69.860472,84.53920159
695,4.0,660.0,643.483333333,0.0,4.84,4.84,0.96,0.96,2.47,2.47,0.9238,0.9238,2.0,2.0,0.959625702361,91.3207825923,62.434946,85.34333613
696,4.0,603.0,650.166666667,1.0,4.88,4.84,0.96,0.96,2.0,1.86,0.8324,0.8333,3.0,3.0,8.19652917135,79.1809332712,112.580302,92.09241853
697,4.0,631.0,640.55,1.0,5.0,5.0,0.88,0.88,2.07,2.07,0.8406,0.8406,2.0,2.0,19.7201382989,76.8882326914,113.859243,97.0366247
698,4.0,660.0,632.633333333,0.0,4.92,4.92,1.0,1.0,1.6,1.6,0.8639,0.8639,3.0,3.0,6.19004703814,93.4519900777,124.819721,102.85298903
699,4.0,840.0,798.05,0.0,4.8,4.8,0.88,0.88,2.36,2.36,0.8827,0.8827,2.0,2.0,10.0890356881,94.2193782998,100.650994,101.15936051
700,4.0,649.0,637.016666667,1.0,4.88,4.88,0.96,0.96,2.63,2.63,0.8663,0.8663,2.0,2.0,18.6759021153,73.9838088099,63.322842,87.50350347
701,4.0,720.0,630.6,0.0,4.88,4.88,1.0,1.0,1.43,1.43,0.9013,0.9013,3.0,3.0,1.99510460372,89.4781932487,91.245137,91.20787685
702,4.0,662.0,697.633333333,1.0,4.43,4.43,1.0,1.0,2.33,2.33,0.8537,0.8537,2.0,2.0,11.345910652,75.3721643948,185.650876,96.10450992
703,4.0,780.0,701.066666667,0.0,4.88,4.88,0.92,0.92,2.23,2.23,0.8567,0.8567,2.0,2.0,13.2083221945,91.0203088203,58.287051,70.62760044
704,4.0,840.0,786.583333333,0.0,4.68,4.68,0.96,0.96,1.5,1.5,0.8289,0.8289,3.0,3.0,9.07701468156,94.9610457054,175.522341,94.84290902
705,4.0,720.0,737.65,0.0,4.76,4.76,0.96,0.96,1.44,1.44,0.8544,0.8544,3.0,3.0,9.44907675257,97.6534066239,175.522341,106.16410841
706,4.0,729.0,717.9,1.0,4.72,4.72,0.96,0.96,2.83,2.83,0.8878,0.8878,2.0,2.0,2.4878247257,73.741288828,77.765222,74.34602099
707,4.0,786.0,749.4,1.0,4.88,4.88,0.96,0.96,1.28,1.28,0.8743,0.8743,3.0,3.0,12.7229458188,75.3175283331,88.445754,58.3799718
708,4.0,757.0,760.65,1.0,5.0,5.0,0.88,0.88,2.07,2.07,0.8406,0.8406,2.0,2.0,22.4787634699,77.6001136328,92.853215,87.62938692
709,4.0,791.0,838.033333333,1.0,4.84,4.84,0.96,0.96,1.86,1.86,0.8333,0.8333,3.0,3.0,10.5595535058,81.1748261412,136.648616,114.38059393
710,4.0,840.0,789.583333333,0.0,4.6,4.6,1.0,1.0,2.5,2.5,0.8521,0.8521,2.0,2.0,1.41600600869,90.833303912,97.085682,84.56779177
711,4.0,832.0,796.666666667,1.0,4.64,4.64,1.0,1.0,1.57,1.57,0.8606,0.8606,3.0,3.0,4.63079978183,74.8721727352,50.762451,67.02648827
712,4.0,900.0,830.45,0.0,4.8,4.8,0.96,0.96,1.42,1.42,0.8687,0.8687,3.0,3.0,3.93452277627,93.5051053326,54.384738,80.57798311
713,4.0,840.0,808.083333333,0.0,4.96,4.96,1.0,1.0,2.33,2.33,0.8808,0.8808,2.0,2.0,15.1423563315,91.8369502577,72.337285,96.36443198
714,4.0,900.0,863.716666667,0.0,5.0,5.0,0.96,0.96,3.14,3.14,0.8519,0.8519,0.0,0.0,15.1423563315,87.0079394362,94.423334,98.98912084
715,4.0,900.0,857.5,0.0,4.72,4.72,0.96,0.96,2.83,2.83,0.8878,0.8878,2.0,2.0,9.52584305422,92.9878096026,77.454088,111.0601656
716,4.0,900.0,869.316666667,0.0,4.8,4.8,1.0,1.0,2.13,2.13,0.8712,0.8712,2.0,2.0,10.4512429892,92.0722016244,82.048056,86.98617106
717,4.0,880.0,843.483333333,1.0,4.84,4.84,1.0,1.0,1.54,1.54,0.878,0.878,3.0,3.0,18.7059400393,75.5210475173,75.199294,68.0592932
718,4.0,900.0,845.866666667,1.0,4.79,4.79,0.96,0.96,2.2,2.2,0.7821,0.7821,0.0,0.0,10.9021246607,66.3945063771,42.081993,60.74050139
719,4.0,960.0,906.616666667,0.0,4.56,4.56,1.0,1.0,1.58,1.58,0.8577,0.8577,3.0,3.0,19.4158264179,95.0620575515,55.682207,95.27931333
720,4.0,900.0,857.45,0.0,4.8,4.8,1.0,1.0,2.31,2.31,0.8857,0.8857,2.0,2.0,19.4158264179,91.8777202975,49.25664,86.05269408
721,4.0,899.0,885.95,1.0,4.78,4.78,1.0,1.0,2.9,2.9,0.9172,0.9172,2.0,2.0,10.9666594207,73.8840271717,101.925211,77.9882668
722,4.0,1020.0,954.316666667,0.0,4.92,4.92,1.0,1.0,1.58,1.58,0.851,0.851,3.0,3.0,19.3680151833,94.7207619742,81.148134,89.07266363
723,4.0,1020.0,952.183333333,0.0,4.56,4.56,1.0,1.0,1.44,1.44,0.9409,0.9409,3.0,3.0,9.74376603961,92.8413964366,65.288815,102.80299411
724,4.0,955.0,923.1,1.0,4.72,4.72,1.0,1.0,2.13,2.13,0.8316,0.8316,2.0,2.0,3.16264858619,73.1842317746,81.489761,67.13736083
725,4.0,970.0,955.116666667,1.0,4.64,4.64,1.0,1.0,1.31,1.31,0.877,0.877,3.0,3.0,8.4536824554,76.6850679964,61.125224,76.52426871
726,4.0,971.0,963.5,1.0,4.88,4.88,1.0,1.0,2.07,2.07,0.8272,0.8272,2.0,2.0,8.47555565199,74.8690880689,120.835262,81.99033778
727,4.0,1080.0,1020.01666667,0.0,4.92,4.92,1.0,1.0,2.43,2.43,0.7975,0.7975,2.0,2.0,3.7699546375,92.667999689,105.434062,79.15961792
728,4.0,1016.0,1015.9,1.0,4.56,4.56,1.0,1.0,1.58,1.58,0.8577,0.8577,3.0,3.0,11.37307151,78.6067987676,75.46314,91.2132132443
729,4.0,1080.0,1006.15,0.0,4.48,4.48,1.0,1.0,1.71,1.71,0.8463,0.8463,3.0,3.0,10.2864130862,94.6263014226,34.097096,95.74333867
730,4.0,1080.0,1084.63333333,0.0,4.76,4.76,0.8,0.8,2.68,2.68,0.8671,0.8671,0.0,0.0,12.9011002613,94.0297716659,103.610104,99.4570601
731,4.0,1140.0,1075.3,0.0,4.72,4.72,0.96,0.96,1.3,1.3,0.8544,0.8544,3.0,3.0,15.9465005062,96.2271934619,58.046285,79.07475481
732,4.0,1090.0,1042.78333333,1.0,4.52,4.52,0.64,0.64,0.95,0.95,0.8814,0.8814,0.0,0.0,3.86444920845,73.4520804444,54.3587,60.54086988
733,4.0,1200.0,1092.3,0.0,4.76,4.76,1.0,1.0,1.81,1.81,0.8473,0.8473,3.0,3.0,10.3887088516,93.5511261957,57.536626,106.79377409
734,4.0,1129.0,1117.8,1.0,4.8,4.8,1.0,1.0,1.25,1.25,0.9033,0.9033,3.0,3.0,8.97161466042,77.5394329071,118.117534,85.06174889
735,4.0,1200.0,1189.23333333,0.0,4.68,4.68,1.0,1.0,1.73,1.73,0.8836,0.8836,3.0,3.0,14.4816408534,98.6483298468,137.900806,111.63695944
736,4.0,1138.0,1134.86666667,1.0,4.72,4.72,0.92,0.92,2.0,2.0,0.8273,0.8273,0.0,0.0,1.06093244279,70.6493522763,96.475097,72.25558626
737,4.0,1200.0,1150.25,0.0,4.71,4.71,0.8,0.8,2.52,2.52,0.8386,0.8386,0.0,0.0,4.1409656446,91.6125647184,80.281851,82.49416065
738,4.0,1209.0,1231.18333333,1.0,4.8,4.8,0.8,0.8,2.57,2.57,0.8306,0.8306,0.0,0.0,13.8989018874,76.9385642075,103.917095,96.7567252
739,4.0,1260.0,1233.01666667,0.0,4.76,4.76,1.0,1.0,1.81,1.81,0.8473,0.8473,3.0,3.0,6.05202482687,98.2799727848,174.548878,92.60098386
740,4.0,1200.0,1153.93333333,0.0,4.82,4.82,0.96,0.96,2.71,2.71,0.8108,0.8108,2.0,2.0,17.1328494956,96.2274185078,82.250494,81.99277799
741,4.0,1260.0,1202.61666667,0.0,4.92,4.92,1.0,1.0,1.58,1.58,0.851,0.851,3.0,3.0,2.02405340824,95.9763426289,128.113687,100.22379209
742,4.0,1260.0,1212.91666667,0.0,4.64,4.64,1.0,1.0,1.5,1.5,0.8471,0.8471,3.0,3.0,9.03584737742,97.0235876416,133.427722,82.41255765
743,4.0,1380.0,1292.78333333,0.0,4.68,4.68,1.0,1.0,1.52,1.52,0.8531,0.8531,3.0,3.0,9.88783683592,95.5890013288,154.140303,84.26354556
744,4.0,1257.0,1228.45,1.0,4.48,4.48,1.0,1.0,1.71,1.71,0.8463,0.8463,3.0,3.0,1.5593925012,78.5479668336,58.392621,76.55642118
745,4.0,1260.0,1235.03333333,1.0,4.76,4.76,1.0,1.0,1.24,1.24,0.8571,0.8571,3.0,3.0,16.4482239188,78.7521065924,80.968941,76.12010375
746,4.0,1380.0,1326.05,0.0,4.68,4.68,1.0,1.0,1.73,1.73,0.8836,0.8836,3.0,3.0,3.88213281673,96.9438030934,71.776348,92.31572225
747,4.0,1289.0,1324.21666667,1.0,4.64,4.64,0.88,0.88,2.67,2.67,0.8394,0.8394,2.0,2.0,9.00247126433,83.3002640422,118.537735,111.33221847
748,4.0,1303.0,1307.41666667,1.0,4.72,4.44,0.92,0.8,1.88,2.4,0.8462,0.8526,2.0,0.0,2.58597309394,81.679878405,73.501685,86.12618516
749,4.0,1380.0,1341.16666667,0.0,4.76,4.76,1.0,1.0,1.89,1.89,0.8665,0.8665,3.0,3.0,11.067266141,98.5539913273,89.701923,92.32271269
750,4.0,1358.0,1364.38333333,1.0,4.84,4.84,0.96,0.96,1.86,1.86,0.8333,0.8333,3.0,3.0,8.31755154181,82.8102463903,130.973718,94.87631063
751,4.0,1380.0,1369.0,0.0,4.9,4.9,0.96,0.96,2.08,2.08,0.8529,0.8529,2.0,2.0,6.43344920875,97.5795095559,110.526932,115.78962208
